dataset,frame,kind,level,n_points,n_fov,hit_near,tot_near,nobj_near,hit_mid,tot_mid,nobj_mid,hit_far,tot_far,nobj_far
kitti,000001,yaw,0.0,120268,18630,0,0,0,0,0,0,88,88,2
kitti,000001,yaw,0.5,120268,18629,0,0,0,0,0,0,63,88,2
kitti,000001,yaw,1.0,120268,18630,0,0,0,0,0,0,38,88,2
kitti,000001,yaw,2.0,120268,18633,0,0,0,0,0,0,7,88,2
kitti,000001,yaw,3.0,120268,18635,0,0,0,0,0,0,0,88,2
kitti,000001,pitch,0.0,120268,18630,0,0,0,0,0,0,88,88,2
kitti,000001,pitch,0.5,120268,18174,0,0,0,0,0,0,82,88,2
kitti,000001,pitch,1.0,120268,17730,0,0,0,0,0,0,62,88,2
kitti,000001,pitch,2.0,120268,16815,0,0,0,0,0,0,12,88,2
kitti,000001,pitch,3.0,120268,15870,0,0,0,0,0,0,0,88,2
kitti,000001,roll,0.0,120268,18630,0,0,0,0,0,0,88,88,2
kitti,000001,roll,0.5,120268,18636,0,0,0,0,0,0,88,88,2
kitti,000001,roll,1.0,120268,18644,0,0,0,0,0,0,88,88,2
kitti,000001,roll,2.0,120268,18620,0,0,0,0,0,0,88,88,2
kitti,000001,roll,3.0,120268,18663,0,0,0,0,0,0,87,88,2
kitti,000001,tx,0.0,120268,18630,0,0,0,0,0,0,88,88,2
kitti,000001,tx,0.02,120268,18686,0,0,0,0,0,0,88,88,2
kitti,000001,tx,0.05,120268,18827,0,0,0,0,0,0,88,88,2
kitti,000001,tx,0.1,120268,19002,0,0,0,0,0,0,88,88,2
kitti,000001,ty,0.0,120268,18630,0,0,0,0,0,0,88,88,2
kitti,000001,ty,0.02,120268,18637,0,0,0,0,0,0,88,88,2
kitti,000001,ty,0.05,120268,18650,0,0,0,0,0,0,87,88,2
kitti,000001,ty,0.1,120268,18659,0,0,0,0,0,0,85,88,2
kitti,000001,tz,0.0,120268,18630,0,0,0,0,0,0,88,88,2
kitti,000001,tz,0.02,120268,18819,0,0,0,0,0,0,88,88,2
kitti,000001,tz,0.05,120268,19085,0,0,0,0,0,0,88,88,2
kitti,000001,tz,0.1,120268,19489,0,0,0,0,0,0,88,88,2
kitti,000004,yaw,0.0,115976,19063,0,0,0,0,0,0,103,103,2
kitti,000004,yaw,0.5,115976,19053,0,0,0,0,0,0,97,103,2
kitti,000004,yaw,1.0,115976,19032,0,0,0,0,0,0,82,103,2
kitti,000004,yaw,2.0,115976,18975,0,0,0,0,0,0,56,103,2
kitti,000004,yaw,3.0,115976,18965,0,0,0,0,0,0,21,103,2
kitti,000004,pitch,0.0,115976,19063,0,0,0,0,0,0,103,103,2
kitti,000004,pitch,0.5,115976,18606,0,0,0,0,0,0,92,103,2
kitti,000004,pitch,1.0,115976,18158,0,0,0,0,0,0,25,103,2
kitti,000004,pitch,2.0,115976,17240,0,0,0,0,0,0,0,103,2
kitti,000004,pitch,3.0,115976,16290,0,0,0,0,0,0,0,103,2
kitti,000004,roll,0.0,115976,19063,0,0,0,0,0,0,103,103,2
kitti,000004,roll,0.5,115976,19070,0,0,0,0,0,0,103,103,2
kitti,000004,roll,1.0,115976,19056,0,0,0,0,0,0,103,103,2
kitti,000004,roll,2.0,115976,19041,0,0,0,0,0,0,98,103,2
kitti,000004,roll,3.0,115976,19076,0,0,0,0,0,0,66,103,2
kitti,000004,tx,0.0,115976,19063,0,0,0,0,0,0,103,103,2
kitti,000004,tx,0.02,115976,19117,0,0,0,0,0,0,103,103,2
kitti,000004,tx,0.05,115976,19242,0,0,0,0,0,0,103,103,2
kitti,000004,tx,0.1,115976,19414,0,0,0,0,0,0,103,103,2
kitti,000004,ty,0.0,115976,19063,0,0,0,0,0,0,103,103,2
kitti,000004,ty,0.02,115976,19073,0,0,0,0,0,0,103,103,2
kitti,000004,ty,0.05,115976,19075,0,0,0,0,0,0,103,103,2
kitti,000004,ty,0.1,115976,19069,0,0,0,0,0,0,103,103,2
kitti,000004,tz,0.0,115976,19063,0,0,0,0,0,0,103,103,2
kitti,000004,tz,0.02,115976,19247,0,0,0,0,0,0,103,103,2
kitti,000004,tz,0.05,115976,19497,0,0,0,0,0,0,103,103,2
kitti,000004,tz,0.1,115976,19912,0,0,0,0,0,0,103,103,2
kitti,000007,yaw,0.0,122798,19423,0,0,0,191,191,1,44,44,2
kitti,000007,yaw,0.5,122798,19433,0,0,0,172,191,1,37,44,2
kitti,000007,yaw,1.0,122798,19388,0,0,0,150,191,1,21,44,2
kitti,000007,yaw,2.0,122798,19236,0,0,0,98,191,1,1,44,2
kitti,000007,yaw,3.0,122798,19268,0,0,0,42,191,1,0,44,2
kitti,000007,pitch,0.0,122798,19423,0,0,0,191,191,1,44,44,2
kitti,000007,pitch,0.5,122798,18960,0,0,0,170,191,1,30,44,2
kitti,000007,pitch,1.0,122798,18515,0,0,0,128,191,1,17,44,2
kitti,000007,pitch,2.0,122798,17586,0,0,0,63,191,1,5,44,2
kitti,000007,pitch,3.0,122798,16634,0,0,0,20,191,1,0,44,2
kitti,000007,roll,0.0,122798,19423,0,0,0,191,191,1,44,44,2
kitti,000007,roll,0.5,122798,19430,0,0,0,191,191,1,44,44,2
kitti,000007,roll,1.0,122798,19428,0,0,0,191,191,1,43,44,2
kitti,000007,roll,2.0,122798,19413,0,0,0,191,191,1,40,44,2
kitti,000007,roll,3.0,122798,19456,0,0,0,190,191,1,36,44,2
kitti,000007,tx,0.0,122798,19423,0,0,0,191,191,1,44,44,2
kitti,000007,tx,0.02,122798,19488,0,0,0,191,191,1,44,44,2
kitti,000007,tx,0.05,122798,19616,0,0,0,191,191,1,44,44,2
kitti,000007,tx,0.1,122798,19789,0,0,0,191,191,1,44,44,2
kitti,000007,ty,0.0,122798,19423,0,0,0,191,191,1,44,44,2
kitti,000007,ty,0.02,122798,19436,0,0,0,191,191,1,44,44,2
kitti,000007,ty,0.05,122798,19445,0,0,0,191,191,1,43,44,2
kitti,000007,ty,0.1,122798,19449,0,0,0,186,191,1,43,44,2
kitti,000007,tz,0.0,122798,19423,0,0,0,191,191,1,44,44,2
kitti,000007,tz,0.02,122798,19604,0,0,0,191,191,1,44,44,2
kitti,000007,tz,0.05,122798,19842,0,0,0,191,191,1,44,44,2
kitti,000007,tz,0.1,122798,20270,0,0,0,191,191,1,44,44,2
kitti,000008,yaw,0.0,122555,17238,4891,4910,4,164,164,1,53,53,1
kitti,000008,yaw,0.5,122555,17281,4857,4910,4,162,164,1,48,53,1
kitti,000008,yaw,1.0,122555,17316,4796,4910,4,142,164,1,40,53,1
kitti,000008,yaw,2.0,122555,17384,4593,4910,4,99,164,1,17,53,1
kitti,000008,yaw,3.0,122555,17436,4378,4910,4,62,164,1,3,53,1
kitti,000008,pitch,0.0,122555,17238,4891,4910,4,164,164,1,53,53,1
kitti,000008,pitch,0.5,122555,16816,4712,4910,4,158,164,1,39,53,1
kitti,000008,pitch,1.0,122555,16394,4476,4910,4,142,164,1,23,53,1
kitti,000008,pitch,2.0,122555,15521,3883,4910,4,94,164,1,2,53,1
kitti,000008,pitch,3.0,122555,14672,3310,4910,4,38,164,1,0,53,1
kitti,000008,roll,0.0,122555,17238,4891,4910,4,164,164,1,53,53,1
kitti,000008,roll,0.5,122555,17238,4871,4910,4,164,164,1,53,53,1
kitti,000008,roll,1.0,122555,17235,4825,4910,4,161,164,1,47,53,1
kitti,000008,roll,2.0,122555,17214,4643,4910,4,146,164,1,39,53,1
kitti,000008,roll,3.0,122555,17268,4447,4910,4,122,164,1,34,53,1
kitti,000008,tx,0.0,122555,17238,4891,4910,4,164,164,1,53,53,1
kitti,000008,tx,0.02,122555,17314,4909,4910,4,164,164,1,53,53,1
kitti,000008,tx,0.05,122555,17480,4910,4910,4,164,164,1,53,53,1
kitti,000008,tx,0.1,122555,17702,4910,4910,4,164,164,1,53,53,1
kitti,000008,ty,0.0,122555,17238,4891,4910,4,164,164,1,53,53,1
kitti,000008,ty,0.02,122555,17234,4882,4910,4,164,164,1,53,53,1
kitti,000008,ty,0.05,122555,17228,4863,4910,4,164,164,1,53,53,1
kitti,000008,ty,0.1,122555,17205,4824,4910,4,164,164,1,53,53,1
kitti,000008,tz,0.0,122555,17238,4891,4910,4,164,164,1,53,53,1
kitti,000008,tz,0.02,122555,17432,4907,4910,4,164,164,1,53,53,1
kitti,000008,tz,0.05,122555,17709,4874,4910,4,164,164,1,53,53,1
kitti,000008,tz,0.1,122555,18135,4663,4910,4,164,164,1,52,53,1
kitti,000009,yaw,0.0,123928,19411,0,0,0,219,219,1,0,0,0
kitti,000009,yaw,0.5,123928,19412,0,0,0,203,219,1,0,0,0
kitti,000009,yaw,1.0,123928,19395,0,0,0,180,219,1,0,0,0
kitti,000009,yaw,2.0,123928,19381,0,0,0,120,219,1,0,0,0
kitti,000009,yaw,3.0,123928,19381,0,0,0,66,219,1,0,0,0
kitti,000009,pitch,0.0,123928,19411,0,0,0,219,219,1,0,0,0
kitti,000009,pitch,0.5,123928,18954,0,0,0,194,219,1,0,0,0
kitti,000009,pitch,1.0,123928,18513,0,0,0,163,219,1,0,0,0
kitti,000009,pitch,2.0,123928,17582,0,0,0,91,219,1,0,0,0
kitti,000009,pitch,3.0,123928,16636,0,0,0,27,219,1,0,0,0
kitti,000009,roll,0.0,123928,19411,0,0,0,219,219,1,0,0,0
kitti,000009,roll,0.5,123928,19416,0,0,0,219,219,1,0,0,0
kitti,000009,roll,1.0,123928,19417,0,0,0,219,219,1,0,0,0
kitti,000009,roll,2.0,123928,19397,0,0,0,219,219,1,0,0,0
kitti,000009,roll,3.0,123928,19427,0,0,0,219,219,1,0,0,0
kitti,000009,tx,0.0,123928,19411,0,0,0,219,219,1,0,0,0
kitti,000009,tx,0.02,123928,19464,0,0,0,219,219,1,0,0,0
kitti,000009,tx,0.05,123928,19597,0,0,0,219,219,1,0,0,0
kitti,000009,tx,0.1,123928,19763,0,0,0,219,219,1,0,0,0
kitti,000009,ty,0.0,123928,19411,0,0,0,219,219,1,0,0,0
kitti,000009,ty,0.02,123928,19413,0,0,0,219,219,1,0,0,0
kitti,000009,ty,0.05,123928,19410,0,0,0,219,219,1,0,0,0
kitti,000009,ty,0.1,123928,19402,0,0,0,217,219,1,0,0,0
kitti,000009,tz,0.0,123928,19411,0,0,0,219,219,1,0,0,0
kitti,000009,tz,0.02,123928,19605,0,0,0,219,219,1,0,0,0
kitti,000009,tz,0.05,123928,19850,0,0,0,219,219,1,0,0,0
kitti,000009,tz,0.1,123928,20263,0,0,0,219,219,1,0,0,0
kitti,000010,yaw,0.0,115875,16464,1293,1299,2,745,745,6,20,20,1
kitti,000010,yaw,0.5,115875,16412,1298,1299,2,733,745,6,20,20,1
kitti,000010,yaw,1.0,115875,16369,1291,1299,2,667,745,6,17,20,1
kitti,000010,yaw,2.0,115875,16299,1221,1299,2,549,745,6,5,20,1
kitti,000010,yaw,3.0,115875,16271,1129,1299,2,405,745,6,2,20,1
kitti,000010,pitch,0.0,115875,16464,1293,1299,2,745,745,6,20,20,1
kitti,000010,pitch,0.5,115875,16017,1265,1299,2,668,745,6,12,20,1
kitti,000010,pitch,1.0,115875,15594,1233,1299,2,584,745,6,6,20,1
kitti,000010,pitch,2.0,115875,14707,975,1299,2,373,745,6,0,20,1
kitti,000010,pitch,3.0,115875,13819,722,1299,2,212,745,6,0,20,1
kitti,000010,roll,0.0,115875,16464,1293,1299,2,745,745,6,20,20,1
kitti,000010,roll,0.5,115875,16469,1281,1299,2,741,745,6,20,20,1
kitti,000010,roll,1.0,115875,16469,1259,1299,2,729,745,6,15,20,1
kitti,000010,roll,2.0,115875,16470,1221,1299,2,701,745,6,15,20,1
kitti,000010,roll,3.0,115875,16504,1162,1299,2,675,745,6,15,20,1
kitti,000010,tx,0.0,115875,16464,1293,1299,2,745,745,6,20,20,1
kitti,000010,tx,0.02,115875,16501,1299,1299,2,745,745,6,20,20,1
kitti,000010,tx,0.05,115875,16630,1299,1299,2,745,745,6,20,20,1
kitti,000010,tx,0.1,115875,16780,1299,1299,2,745,745,6,20,20,1
kitti,000010,ty,0.0,115875,16464,1293,1299,2,745,745,6,20,20,1
kitti,000010,ty,0.02,115875,16457,1296,1299,2,745,745,6,20,20,1
kitti,000010,ty,0.05,115875,16454,1296,1299,2,745,745,6,20,20,1
kitti,000010,ty,0.1,115875,16436,1295,1299,2,745,745,6,20,20,1
kitti,000010,tz,0.0,115875,16464,1293,1299,2,745,745,6,20,20,1
kitti,000010,tz,0.02,115875,16646,1297,1299,2,741,745,6,20,20,1
kitti,000010,tz,0.05,115875,16875,1297,1299,2,738,745,6,20,20,1
kitti,000010,tz,0.1,115875,17279,1285,1299,2,738,745,6,20,20,1
kitti,000011,yaw,0.0,108004,19946,392,396,3,289,289,2,40,40,1
kitti,000011,yaw,0.5,108004,19946,348,396,3,265,289,2,21,40,1
kitti,000011,yaw,1.0,108004,19952,299,396,3,206,289,2,3,40,1
kitti,000011,yaw,2.0,108004,19963,142,396,3,127,289,2,0,40,1
kitti,000011,yaw,3.0,108004,19948,38,396,3,76,289,2,0,40,1
kitti,000011,pitch,0.0,108004,19946,392,396,3,289,289,2,40,40,1
kitti,000011,pitch,0.5,108004,19497,361,396,3,240,289,2,36,40,1
kitti,000011,pitch,1.0,108004,19060,338,396,3,218,289,2,32,40,1
kitti,000011,pitch,2.0,108004,18145,285,396,3,132,289,2,15,40,1
kitti,000011,pitch,3.0,108004,17230,240,396,3,84,289,2,0,40,1
kitti,000011,roll,0.0,108004,19946,392,396,3,289,289,2,40,40,1
kitti,000011,roll,0.5,108004,19948,395,396,3,287,289,2,40,40,1
kitti,000011,roll,1.0,108004,19951,385,396,3,287,289,2,40,40,1
kitti,000011,roll,2.0,108004,19925,359,396,3,269,289,2,40,40,1
kitti,000011,roll,3.0,108004,19969,345,396,3,254,289,2,40,40,1
kitti,000011,tx,0.0,108004,19946,392,396,3,289,289,2,40,40,1
kitti,000011,tx,0.02,108004,20002,395,396,3,289,289,2,40,40,1
kitti,000011,tx,0.05,108004,20150,396,396,3,289,289,2,39,40,1
kitti,000011,tx,0.1,108004,20331,395,396,3,288,289,2,39,40,1
kitti,000011,ty,0.0,108004,19946,392,396,3,289,289,2,40,40,1
kitti,000011,ty,0.02,108004,19950,387,396,3,289,289,2,38,40,1
kitti,000011,ty,0.05,108004,19939,372,396,3,289,289,2,38,40,1
kitti,000011,ty,0.1,108004,19926,348,396,3,286,289,2,35,40,1
kitti,000011,tz,0.0,108004,19946,392,396,3,289,289,2,40,40,1
kitti,000011,tz,0.02,108004,20147,395,396,3,289,289,2,40,40,1
kitti,000011,tz,0.05,108004,20396,395,396,3,289,289,2,40,40,1
kitti,000011,tz,0.1,108004,20808,396,396,3,287,289,2,40,40,1
kitti,000012,yaw,0.0,120007,18705,0,0,0,0,0,0,52,52,2
kitti,000012,yaw,0.5,120007,18688,0,0,0,0,0,0,48,52,2
kitti,000012,yaw,1.0,120007,18698,0,0,0,0,0,0,34,52,2
kitti,000012,yaw,2.0,120007,18699,0,0,0,0,0,0,5,52,2
kitti,000012,yaw,3.0,120007,18713,0,0,0,0,0,0,0,52,2
kitti,000012,pitch,0.0,120007,18705,0,0,0,0,0,0,52,52,2
kitti,000012,pitch,0.5,120007,18235,0,0,0,0,0,0,48,52,2
kitti,000012,pitch,1.0,120007,17790,0,0,0,0,0,0,19,52,2
kitti,000012,pitch,2.0,120007,16863,0,0,0,0,0,0,11,52,2
kitti,000012,pitch,3.0,120007,15901,0,0,0,0,0,0,0,52,2
kitti,000012,roll,0.0,120007,18705,0,0,0,0,0,0,52,52,2
kitti,000012,roll,0.5,120007,18700,0,0,0,0,0,0,52,52,2
kitti,000012,roll,1.0,120007,18705,0,0,0,0,0,0,52,52,2
kitti,000012,roll,2.0,120007,18676,0,0,0,0,0,0,41,52,2
kitti,000012,roll,3.0,120007,18698,0,0,0,0,0,0,41,52,2
kitti,000012,tx,0.0,120007,18705,0,0,0,0,0,0,52,52,2
kitti,000012,tx,0.02,120007,18751,0,0,0,0,0,0,52,52,2
kitti,000012,tx,0.05,120007,18818,0,0,0,0,0,0,52,52,2
kitti,000012,tx,0.1,120007,19017,0,0,0,0,0,0,52,52,2
kitti,000012,ty,0.0,120007,18705,0,0,0,0,0,0,52,52,2
kitti,000012,ty,0.02,120007,18700,0,0,0,0,0,0,52,52,2
kitti,000012,ty,0.05,120007,18701,0,0,0,0,0,0,52,52,2
kitti,000012,ty,0.1,120007,18703,0,0,0,0,0,0,52,52,2
kitti,000012,tz,0.0,120007,18705,0,0,0,0,0,0,52,52,2
kitti,000012,tz,0.02,120007,18863,0,0,0,0,0,0,52,52,2
kitti,000012,tz,0.05,120007,19099,0,0,0,0,0,0,52,52,2
kitti,000012,tz,0.1,120007,19530,0,0,0,0,0,0,52,52,2
kitti,000015,yaw,0.0,122583,18334,2008,2036,2,174,191,3,0,0,0
kitti,000015,yaw,0.5,122583,18379,1942,2036,2,100,191,3,0,0,0
kitti,000015,yaw,1.0,122583,18441,1858,2036,2,23,191,3,0,0,0
kitti,000015,yaw,2.0,122583,18470,1673,2036,2,0,191,3,0,0,0
kitti,000015,yaw,3.0,122583,18540,1538,2036,2,0,191,3,0,0,0
kitti,000015,pitch,0.0,122583,18334,2008,2036,2,174,191,3,0,0,0
kitti,000015,pitch,0.5,122583,17894,1908,2036,2,166,191,3,0,0,0
kitti,000015,pitch,1.0,122583,17487,1789,2036,2,143,191,3,0,0,0
kitti,000015,pitch,2.0,122583,16666,1560,2036,2,96,191,3,0,0,0
kitti,000015,pitch,3.0,122583,15795,1340,2036,2,37,191,3,0,0,0
kitti,000015,roll,0.0,122583,18334,2008,2036,2,174,191,3,0,0,0
kitti,000015,roll,0.5,122583,18331,2019,2036,2,174,191,3,0,0,0
kitti,000015,roll,1.0,122583,18307,2016,2036,2,174,191,3,0,0,0
kitti,000015,roll,2.0,122583,18343,1974,2036,2,169,191,3,0,0,0
kitti,000015,roll,3.0,122583,18352,1890,2036,2,162,191,3,0,0,0
kitti,000015,tx,0.0,122583,18334,2008,2036,2,174,191,3,0,0,0
kitti,000015,tx,0.02,122583,18437,2019,2036,2,174,191,3,0,0,0
kitti,000015,tx,0.05,122583,18593,2015,2036,2,174,191,3,0,0,0
kitti,000015,tx,0.1,122583,18800,2002,2036,2,173,191,3,0,0,0
kitti,000015,ty,0.0,122583,18334,2008,2036,2,174,191,3,0,0,0
kitti,000015,ty,0.02,122583,18335,1999,2036,2,172,191,3,0,0,0
kitti,000015,ty,0.05,122583,18345,1983,2036,2,162,191,3,0,0,0
kitti,000015,ty,0.1,122583,18366,1942,2036,2,147,191,3,0,0,0
kitti,000015,tz,0.0,122583,18334,2008,2036,2,174,191,3,0,0,0
kitti,000015,tz,0.02,122583,18571,2021,2036,2,174,191,3,0,0,0
kitti,000015,tz,0.05,122583,18865,2021,2036,2,174,191,3,0,0,0
kitti,000015,tz,0.1,122583,19319,1986,2036,2,174,191,3,0,0,0
kitti,000016,yaw,0.0,113070,17868,1761,1766,1,1973,1973,1,85,85,3
kitti,000016,yaw,0.5,113070,17872,1706,1766,1,1964,1973,1,72,85,3
kitti,000016,yaw,1.0,113070,17871,1642,1766,1,1932,1973,1,56,85,3
kitti,000016,yaw,2.0,113070,17883,1516,1766,1,1872,1973,1,23,85,3
kitti,000016,yaw,3.0,113070,17899,1397,1766,1,1802,1973,1,1,85,3
kitti,000016,pitch,0.0,113070,17868,1761,1766,1,1973,1973,1,85,85,3
kitti,000016,pitch,0.5,113070,17426,1705,1766,1,1973,1973,1,61,85,3
kitti,000016,pitch,1.0,113070,16984,1643,1766,1,1973,1973,1,38,85,3
kitti,000016,pitch,2.0,113070,16079,1493,1766,1,1932,1973,1,4,85,3
kitti,000016,pitch,3.0,113070,15155,1303,1766,1,1733,1973,1,0,85,3
kitti,000016,roll,0.0,113070,17868,1761,1766,1,1973,1973,1,85,85,3
kitti,000016,roll,0.5,113070,17869,1764,1766,1,1973,1973,1,85,85,3
kitti,000016,roll,1.0,113070,17874,1760,1766,1,1973,1973,1,85,85,3
kitti,000016,roll,2.0,113070,17839,1740,1766,1,1973,1973,1,82,85,3
kitti,000016,roll,3.0,113070,17881,1652,1766,1,1973,1973,1,73,85,3
kitti,000016,tx,0.0,113070,17868,1761,1766,1,1973,1973,1,85,85,3
kitti,000016,tx,0.02,113070,17934,1765,1766,1,1973,1973,1,85,85,3
kitti,000016,tx,0.05,113070,18081,1766,1766,1,1973,1973,1,85,85,3
kitti,000016,tx,0.1,113070,18264,1766,1766,1,1973,1973,1,85,85,3
kitti,000016,ty,0.0,113070,17868,1761,1766,1,1973,1973,1,85,85,3
kitti,000016,ty,0.02,113070,17869,1750,1766,1,1973,1973,1,85,85,3
kitti,000016,ty,0.05,113070,17855,1726,1766,1,1973,1973,1,85,85,3
kitti,000016,ty,0.1,113070,17841,1685,1766,1,1973,1973,1,85,85,3
kitti,000016,tz,0.0,113070,17868,1761,1766,1,1973,1973,1,85,85,3
kitti,000016,tz,0.02,113070,18069,1766,1766,1,1973,1973,1,85,85,3
kitti,000016,tz,0.05,113070,18342,1766,1766,1,1973,1973,1,85,85,3
kitti,000016,tz,0.1,113070,18748,1766,1766,1,1973,1973,1,85,85,3
kitti,000019,yaw,0.0,115697,18792,6098,6103,2,0,0,0,125,125,2
kitti,000019,yaw,0.5,115697,18828,6001,6103,2,0,0,0,112,125,2
kitti,000019,yaw,1.0,115697,18859,5909,6103,2,0,0,0,84,125,2
kitti,000019,yaw,2.0,115697,18912,5649,6103,2,0,0,0,42,125,2
kitti,000019,yaw,3.0,115697,18936,5381,6103,2,0,0,0,13,125,2
kitti,000019,pitch,0.0,115697,18792,6098,6103,2,0,0,0,125,125,2
kitti,000019,pitch,0.5,115697,18358,6040,6103,2,0,0,0,112,125,2
kitti,000019,pitch,1.0,115697,17937,5931,6103,2,0,0,0,66,125,2
kitti,000019,pitch,2.0,115697,17031,5632,6103,2,0,0,0,12,125,2
kitti,000019,pitch,3.0,115697,16112,5362,6103,2,0,0,0,0,125,2
kitti,000019,roll,0.0,115697,18792,6098,6103,2,0,0,0,125,125,2
kitti,000019,roll,0.5,115697,18800,6094,6103,2,0,0,0,125,125,2
kitti,000019,roll,1.0,115697,18775,6087,6103,2,0,0,0,125,125,2
kitti,000019,roll,2.0,115697,18748,6057,6103,2,0,0,0,125,125,2
kitti,000019,roll,3.0,115697,18782,6019,6103,2,0,0,0,121,125,2
kitti,000019,tx,0.0,115697,18792,6098,6103,2,0,0,0,125,125,2
kitti,000019,tx,0.02,115697,18876,6103,6103,2,0,0,0,125,125,2
kitti,000019,tx,0.05,115697,19033,6103,6103,2,0,0,0,125,125,2
kitti,000019,tx,0.1,115697,19274,6103,6103,2,0,0,0,125,125,2
kitti,000019,ty,0.0,115697,18792,6098,6103,2,0,0,0,125,125,2
kitti,000019,ty,0.02,115697,18785,6068,6103,2,0,0,0,125,125,2
kitti,000019,ty,0.05,115697,18766,6020,6103,2,0,0,0,125,125,2
kitti,000019,ty,0.1,115697,18747,5944,6103,2,0,0,0,125,125,2
kitti,000019,tz,0.0,115697,18792,6098,6103,2,0,0,0,125,125,2
kitti,000019,tz,0.02,115697,18992,6103,6103,2,0,0,0,125,125,2
kitti,000019,tz,0.05,115697,19214,6081,6103,2,0,0,0,125,125,2
kitti,000019,tz,0.1,115697,19682,6043,6103,2,0,0,0,125,125,2
kitti,000021,yaw,0.0,125260,19824,1026,1036,2,1491,1491,4,78,78,2
kitti,000021,yaw,0.5,125260,19818,1036,1036,2,1489,1491,4,75,78,2
kitti,000021,yaw,1.0,125260,19827,1031,1036,2,1435,1491,4,68,78,2
kitti,000021,yaw,2.0,125260,19841,975,1036,2,1350,1491,4,42,78,2
kitti,000021,yaw,3.0,125260,19863,903,1036,2,1184,1491,4,10,78,2
kitti,000021,pitch,0.0,125260,19824,1026,1036,2,1491,1491,4,78,78,2
kitti,000021,pitch,0.5,125260,19367,963,1036,2,1393,1491,4,66,78,2
kitti,000021,pitch,1.0,125260,18931,881,1036,2,1247,1491,4,58,78,2
kitti,000021,pitch,2.0,125260,17994,748,1036,2,946,1491,4,35,78,2
kitti,000021,pitch,3.0,125260,17057,594,1036,2,668,1491,4,14,78,2
kitti,000021,roll,0.0,125260,19824,1026,1036,2,1491,1491,4,78,78,2
kitti,000021,roll,0.5,125260,19830,1020,1036,2,1483,1491,4,78,78,2
kitti,000021,roll,1.0,125260,19824,1006,1036,2,1436,1491,4,78,78,2
kitti,000021,roll,2.0,125260,19815,972,1036,2,1351,1491,4,78,78,2
kitti,000021,roll,3.0,125260,19849,945,1036,2,1245,1491,4,70,78,2
kitti,000021,tx,0.0,125260,19824,1026,1036,2,1491,1491,4,78,78,2
kitti,000021,tx,0.02,125260,19908,1036,1036,2,1491,1491,4,78,78,2
kitti,000021,tx,0.05,125260,20060,1036,1036,2,1491,1491,4,78,78,2
kitti,000021,tx,0.1,125260,20270,1036,1036,2,1491,1491,4,78,78,2
kitti,000021,ty,0.0,125260,19824,1026,1036,2,1491,1491,4,78,78,2
kitti,000021,ty,0.02,125260,19838,1034,1036,2,1491,1491,4,78,78,2
kitti,000021,ty,0.05,125260,19845,1034,1036,2,1491,1491,4,78,78,2
kitti,000021,ty,0.1,125260,19874,1033,1036,2,1491,1491,4,78,78,2
kitti,000021,tz,0.0,125260,19824,1026,1036,2,1491,1491,4,78,78,2
kitti,000021,tz,0.02,125260,20022,1029,1036,2,1491,1491,4,78,78,2
kitti,000021,tz,0.05,125260,20280,1027,1036,2,1489,1491,4,78,78,2
kitti,000021,tz,0.1,125260,20671,994,1036,2,1469,1491,4,70,78,2
kitti,000023,yaw,0.0,120412,18587,0,0,0,0,0,0,107,107,3
kitti,000023,yaw,0.5,120412,18585,0,0,0,0,0,0,84,107,3
kitti,000023,yaw,1.0,120412,18583,0,0,0,0,0,0,50,107,3
kitti,000023,yaw,2.0,120412,18592,0,0,0,0,0,0,10,107,3
kitti,000023,yaw,3.0,120412,18594,0,0,0,0,0,0,0,107,3
kitti,000023,pitch,0.0,120412,18587,0,0,0,0,0,0,107,107,3
kitti,000023,pitch,0.5,120412,18129,0,0,0,0,0,0,98,107,3
kitti,000023,pitch,1.0,120412,17680,0,0,0,0,0,0,61,107,3
kitti,000023,pitch,2.0,120412,16770,0,0,0,0,0,0,12,107,3
kitti,000023,pitch,3.0,120412,15836,0,0,0,0,0,0,0,107,3
kitti,000023,roll,0.0,120412,18587,0,0,0,0,0,0,107,107,3
kitti,000023,roll,0.5,120412,18589,0,0,0,0,0,0,107,107,3
kitti,000023,roll,1.0,120412,18586,0,0,0,0,0,0,105,107,3
kitti,000023,roll,2.0,120412,18562,0,0,0,0,0,0,105,107,3
kitti,000023,roll,3.0,120412,18614,0,0,0,0,0,0,105,107,3
kitti,000023,tx,0.0,120412,18587,0,0,0,0,0,0,107,107,3
kitti,000023,tx,0.02,120412,18640,0,0,0,0,0,0,107,107,3
kitti,000023,tx,0.05,120412,18774,0,0,0,0,0,0,107,107,3
kitti,000023,tx,0.1,120412,18963,0,0,0,0,0,0,107,107,3
kitti,000023,ty,0.0,120412,18587,0,0,0,0,0,0,107,107,3
kitti,000023,ty,0.02,120412,18592,0,0,0,0,0,0,107,107,3
kitti,000023,ty,0.05,120412,18606,0,0,0,0,0,0,107,107,3
kitti,000023,ty,0.1,120412,18616,0,0,0,0,0,0,105,107,3
kitti,000023,tz,0.0,120412,18587,0,0,0,0,0,0,107,107,3
kitti,000023,tz,0.02,120412,18780,0,0,0,0,0,0,107,107,3
kitti,000023,tz,0.05,120412,19044,0,0,0,0,0,0,107,107,3
kitti,000023,tz,0.1,120412,19446,0,0,0,0,0,0,107,107,3
kitti,000025,yaw,0.0,115780,17529,1259,1261,2,343,343,2,82,82,2
kitti,000025,yaw,0.5,115780,17534,1258,1261,2,326,343,2,61,82,2
kitti,000025,yaw,1.0,115780,17540,1235,1261,2,295,343,2,48,82,2
kitti,000025,yaw,2.0,115780,17541,1147,1261,2,233,343,2,25,82,2
kitti,000025,yaw,3.0,115780,17514,1061,1261,2,165,343,2,8,82,2
kitti,000025,pitch,0.0,115780,17529,1259,1261,2,343,343,2,82,82,2
kitti,000025,pitch,0.5,115780,17171,1234,1261,2,331,343,2,71,82,2
kitti,000025,pitch,1.0,115780,16832,1211,1261,2,300,343,2,46,82,2
kitti,000025,pitch,2.0,115780,16151,1167,1261,2,197,343,2,7,82,2
kitti,000025,pitch,3.0,115780,15410,983,1261,2,112,343,2,0,82,2
kitti,000025,roll,0.0,115780,17529,1259,1261,2,343,343,2,82,82,2
kitti,000025,roll,0.5,115780,17557,1251,1261,2,343,343,2,82,82,2
kitti,000025,roll,1.0,115780,17598,1241,1261,2,343,343,2,82,82,2
kitti,000025,roll,2.0,115780,17643,1228,1261,2,337,343,2,82,82,2
kitti,000025,roll,3.0,115780,17784,1203,1261,2,327,343,2,78,82,2
kitti,000025,tx,0.0,115780,17529,1259,1261,2,343,343,2,82,82,2
kitti,000025,tx,0.02,115780,17582,1261,1261,2,343,343,2,82,82,2
kitti,000025,tx,0.05,115780,17697,1261,1261,2,343,343,2,82,82,2
kitti,000025,tx,0.1,115780,17888,1261,1261,2,343,343,2,82,82,2
kitti,000025,ty,0.0,115780,17529,1259,1261,2,343,343,2,82,82,2
kitti,000025,ty,0.02,115780,17528,1259,1261,2,343,343,2,82,82,2
kitti,000025,ty,0.05,115780,17539,1257,1261,2,343,343,2,82,82,2
kitti,000025,ty,0.1,115780,17545,1254,1261,2,342,343,2,81,82,2
kitti,000025,tz,0.0,115780,17529,1259,1261,2,343,343,2,82,82,2
kitti,000025,tz,0.02,115780,17685,1261,1261,2,343,343,2,82,82,2
kitti,000025,tz,0.05,115780,17883,1261,1261,2,343,343,2,82,82,2
kitti,000025,tz,0.1,115780,18299,1261,1261,2,336,343,2,79,82,2
kitti,000031,yaw,0.0,121291,18896,2573,2573,3,469,469,2,32,32,1
kitti,000031,yaw,0.5,121291,18877,2561,2573,3,451,469,2,28,32,1
kitti,000031,yaw,1.0,121291,18837,2508,2573,3,414,469,2,19,32,1
kitti,000031,yaw,2.0,121291,18783,2312,2573,3,323,469,2,3,32,1
kitti,000031,yaw,3.0,121291,18731,2105,2573,3,238,469,2,0,32,1
kitti,000031,pitch,0.0,121291,18896,2573,2573,3,469,469,2,32,32,1
kitti,000031,pitch,0.5,121291,18446,2548,2573,3,445,469,2,23,32,1
kitti,000031,pitch,1.0,121291,18014,2490,2573,3,405,469,2,14,32,1
kitti,000031,pitch,2.0,121291,17132,2257,2573,3,331,469,2,1,32,1
kitti,000031,pitch,3.0,121291,16202,1887,2573,3,288,469,2,0,32,1
kitti,000031,roll,0.0,121291,18896,2573,2573,3,469,469,2,32,32,1
kitti,000031,roll,0.5,121291,18897,2568,2573,3,469,469,2,32,32,1
kitti,000031,roll,1.0,121291,18907,2557,2573,3,469,469,2,32,32,1
kitti,000031,roll,2.0,121291,18913,2514,2573,3,469,469,2,32,32,1
kitti,000031,roll,3.0,121291,18966,2446,2573,3,468,469,2,32,32,1
kitti,000031,tx,0.0,121291,18896,2573,2573,3,469,469,2,32,32,1
kitti,000031,tx,0.02,121291,18953,2573,2573,3,469,469,2,32,32,1
kitti,000031,tx,0.05,121291,19067,2573,2573,3,469,469,2,32,32,1
kitti,000031,tx,0.1,121291,19259,2573,2573,3,469,469,2,32,32,1
kitti,000031,ty,0.0,121291,18896,2573,2573,3,469,469,2,32,32,1
kitti,000031,ty,0.02,121291,18897,2573,2573,3,469,469,2,32,32,1
kitti,000031,ty,0.05,121291,18893,2572,2573,3,469,469,2,32,32,1
kitti,000031,ty,0.1,121291,18894,2564,2573,3,467,469,2,32,32,1
kitti,000031,tz,0.0,121291,18896,2573,2573,3,469,469,2,32,32,1
kitti,000031,tz,0.02,121291,19066,2573,2573,3,469,469,2,32,32,1
kitti,000031,tz,0.05,121291,19296,2534,2573,3,469,469,2,32,32,1
kitti,000031,tz,0.1,121291,19751,2456,2573,3,469,469,2,32,32,1
kitti,000032,yaw,0.0,118661,19535,3998,4000,4,730,730,3,257,257,3
kitti,000032,yaw,0.5,118661,19547,4000,4000,4,718,730,3,245,257,3
kitti,000032,yaw,1.0,118661,19546,3967,4000,4,703,730,3,203,257,3
kitti,000032,yaw,2.0,118661,19548,3834,4000,4,658,730,3,133,257,3
kitti,000032,yaw,3.0,118661,19552,3628,4000,4,634,730,3,81,257,3
kitti,000032,pitch,0.0,118661,19535,3998,4000,4,730,730,3,257,257,3
kitti,000032,pitch,0.5,118661,19069,3988,4000,4,724,730,3,231,257,3
kitti,000032,pitch,1.0,118661,18626,3949,4000,4,724,730,3,188,257,3
kitti,000032,pitch,2.0,118661,17704,3735,4000,4,710,730,3,144,257,3
kitti,000032,pitch,3.0,118661,16765,3348,4000,4,585,730,3,52,257,3
kitti,000032,roll,0.0,118661,19535,3998,4000,4,730,730,3,257,257,3
kitti,000032,roll,0.5,118661,19538,3994,4000,4,730,730,3,257,257,3
kitti,000032,roll,1.0,118661,19534,3969,4000,4,707,730,3,257,257,3
kitti,000032,roll,2.0,118661,19512,3884,4000,4,634,730,3,257,257,3
kitti,000032,roll,3.0,118661,19561,3799,4000,4,565,730,3,257,257,3
kitti,000032,tx,0.0,118661,19535,3998,4000,4,730,730,3,257,257,3
kitti,000032,tx,0.02,118661,19595,4000,4000,4,730,730,3,257,257,3
kitti,000032,tx,0.05,118661,19739,4000,4000,4,730,730,3,257,257,3
kitti,000032,tx,0.1,118661,19921,4000,4000,4,730,730,3,257,257,3
kitti,000032,ty,0.0,118661,19535,3998,4000,4,730,730,3,257,257,3
kitti,000032,ty,0.02,118661,19534,3998,4000,4,730,730,3,257,257,3
kitti,000032,ty,0.05,118661,19529,3998,4000,4,730,730,3,257,257,3
kitti,000032,ty,0.1,118661,19531,3998,4000,4,727,730,3,257,257,3
kitti,000032,tz,0.0,118661,19535,3998,4000,4,730,730,3,257,257,3
kitti,000032,tz,0.02,118661,19723,4000,4000,4,730,730,3,257,257,3
kitti,000032,tz,0.05,118661,19982,3976,4000,4,730,730,3,257,257,3
kitti,000032,tz,0.1,118661,20379,3853,4000,4,730,730,3,257,257,3
kitti,000043,yaw,0.0,122591,19655,332,341,2,171,173,2,0,0,0
kitti,000043,yaw,0.5,122591,19689,286,341,2,133,173,2,0,0,0
kitti,000043,yaw,1.0,122591,19713,192,341,2,60,173,2,0,0,0
kitti,000043,yaw,2.0,122591,19769,16,341,2,1,173,2,0,0,0
kitti,000043,yaw,3.0,122591,19811,0,341,2,0,173,2,0,0,0
kitti,000043,pitch,0.0,122591,19655,332,341,2,171,173,2,0,0,0
kitti,000043,pitch,0.5,122591,19200,316,341,2,162,173,2,0,0,0
kitti,000043,pitch,1.0,122591,18768,304,341,2,155,173,2,0,0,0
kitti,000043,pitch,2.0,122591,17846,274,341,2,126,173,2,0,0,0
kitti,000043,pitch,3.0,122591,16922,234,341,2,79,173,2,0,0,0
kitti,000043,roll,0.0,122591,19655,332,341,2,171,173,2,0,0,0
kitti,000043,roll,0.5,122591,19663,332,341,2,171,173,2,0,0,0
kitti,000043,roll,1.0,122591,19653,327,341,2,170,173,2,0,0,0
kitti,000043,roll,2.0,122591,19627,325,341,2,171,173,2,0,0,0
kitti,000043,roll,3.0,122591,19671,315,341,2,167,173,2,0,0,0
kitti,000043,tx,0.0,122591,19655,332,341,2,171,173,2,0,0,0
kitti,000043,tx,0.02,122591,19717,332,341,2,171,173,2,0,0,0
kitti,000043,tx,0.05,122591,19868,334,341,2,171,173,2,0,0,0
kitti,000043,tx,0.1,122591,20075,333,341,2,172,173,2,0,0,0
kitti,000043,ty,0.0,122591,19655,332,341,2,171,173,2,0,0,0
kitti,000043,ty,0.02,122591,19653,330,341,2,172,173,2,0,0,0
kitti,000043,ty,0.05,122591,19659,321,341,2,169,173,2,0,0,0
kitti,000043,ty,0.1,122591,19671,300,341,2,160,173,2,0,0,0
kitti,000043,tz,0.0,122591,19655,332,341,2,171,173,2,0,0,0
kitti,000043,tz,0.02,122591,19858,332,341,2,171,173,2,0,0,0
kitti,000043,tz,0.05,122591,20126,328,341,2,170,173,2,0,0,0
kitti,000043,tz,0.1,122591,20538,328,341,2,170,173,2,0,0,0
kitti,000048,yaw,0.0,122675,19820,0,0,0,329,361,3,41,41,1
kitti,000048,yaw,0.5,122675,19841,0,0,0,249,361,3,37,41,1
kitti,000048,yaw,1.0,122675,19852,0,0,0,124,361,3,18,41,1
kitti,000048,yaw,2.0,122675,19883,0,0,0,2,361,3,0,41,1
kitti,000048,yaw,3.0,122675,19897,0,0,0,0,361,3,0,41,1
kitti,000048,pitch,0.0,122675,19820,0,0,0,329,361,3,41,41,1
kitti,000048,pitch,0.5,122675,19376,0,0,0,318,361,3,34,41,1
kitti,000048,pitch,1.0,122675,18960,0,0,0,300,361,3,28,41,1
kitti,000048,pitch,2.0,122675,18133,0,0,0,258,361,3,14,41,1
kitti,000048,pitch,3.0,122675,17164,0,0,0,182,361,3,0,41,1
kitti,000048,roll,0.0,122675,19820,0,0,0,329,361,3,41,41,1
kitti,000048,roll,0.5,122675,19844,0,0,0,328,361,3,41,41,1
kitti,000048,roll,1.0,122675,19852,0,0,0,327,361,3,41,41,1
kitti,000048,roll,2.0,122675,19918,0,0,0,324,361,3,41,41,1
kitti,000048,roll,3.0,122675,19940,0,0,0,318,361,3,41,41,1
kitti,000048,tx,0.0,122675,19820,0,0,0,329,361,3,41,41,1
kitti,000048,tx,0.02,122675,19945,0,0,0,331,361,3,41,41,1
kitti,000048,tx,0.05,122675,20108,0,0,0,332,361,3,41,41,1
kitti,000048,tx,0.1,122675,20362,0,0,0,333,361,3,41,41,1
kitti,000048,ty,0.0,122675,19820,0,0,0,329,361,3,41,41,1
kitti,000048,ty,0.02,122675,19827,0,0,0,322,361,3,41,41,1
kitti,000048,ty,0.05,122675,19858,0,0,0,312,361,3,41,41,1
kitti,000048,ty,0.1,122675,19898,0,0,0,285,361,3,41,41,1
kitti,000048,tz,0.0,122675,19820,0,0,0,329,361,3,41,41,1
kitti,000048,tz,0.02,122675,20051,0,0,0,329,361,3,41,41,1
kitti,000048,tz,0.05,122675,20365,0,0,0,329,361,3,41,41,1
kitti,000048,tz,0.1,122675,20788,0,0,0,329,361,3,41,41,1
kitti,000049,yaw,0.0,113691,18093,2628,2657,4,1416,1416,7,469,474,5
kitti,000049,yaw,0.5,113691,18134,2598,2657,4,1390,1416,7,445,474,5
kitti,000049,yaw,1.0,113691,18174,2530,2657,4,1310,1416,7,405,474,5
kitti,000049,yaw,2.0,113691,18229,2327,2657,4,1127,1416,7,359,474,5
kitti,000049,yaw,3.0,113691,18231,2078,2657,4,926,1416,7,307,474,5
kitti,000049,pitch,0.0,113691,18093,2628,2657,4,1416,1416,7,469,474,5
kitti,000049,pitch,0.5,113691,17658,2607,2657,4,1369,1416,7,458,474,5
kitti,000049,pitch,1.0,113691,17240,2511,2657,4,1264,1416,7,429,474,5
kitti,000049,pitch,2.0,113691,16356,2279,2657,4,955,1416,7,330,474,5
kitti,000049,pitch,3.0,113691,15480,1931,2657,4,644,1416,7,206,474,5
kitti,000049,roll,0.0,113691,18093,2628,2657,4,1416,1416,7,469,474,5
kitti,000049,roll,0.5,113691,18072,2589,2657,4,1399,1416,7,469,474,5
kitti,000049,roll,1.0,113691,18070,2562,2657,4,1330,1416,7,468,474,5
kitti,000049,roll,2.0,113691,18049,2492,2657,4,1294,1416,7,467,474,5
kitti,000049,roll,3.0,113691,18103,2395,2657,4,1246,1416,7,451,474,5
kitti,000049,tx,0.0,113691,18093,2628,2657,4,1416,1416,7,469,474,5
kitti,000049,tx,0.02,113691,18140,2628,2657,4,1416,1416,7,469,474,5
kitti,000049,tx,0.05,113691,18260,2622,2657,4,1416,1416,7,469,474,5
kitti,000049,tx,0.1,113691,18425,2613,2657,4,1416,1416,7,469,474,5
kitti,000049,ty,0.0,113691,18093,2628,2657,4,1416,1416,7,469,474,5
kitti,000049,ty,0.02,113691,18094,2618,2657,4,1416,1416,7,468,474,5
kitti,000049,ty,0.05,113691,18103,2609,2657,4,1416,1416,7,468,474,5
kitti,000049,ty,0.1,113691,18114,2582,2657,4,1410,1416,7,467,474,5
kitti,000049,tz,0.0,113691,18093,2628,2657,4,1416,1416,7,469,474,5
kitti,000049,tz,0.02,113691,18262,2631,2657,4,1416,1416,7,469,474,5
kitti,000049,tz,0.05,113691,18475,2608,2657,4,1400,1416,7,467,474,5
kitti,000049,tz,0.1,113691,18923,2534,2657,4,1315,1416,7,446,474,5
kitti,000061,yaw,0.0,125247,19791,108,108,1,1134,1134,2,100,100,2
kitti,000061,yaw,0.5,125247,19813,73,108,1,1132,1134,2,88,100,2
kitti,000061,yaw,1.0,125247,19825,34,108,1,1103,1134,2,72,100,2
kitti,000061,yaw,2.0,125247,19866,0,108,1,976,1134,2,46,100,2
kitti,000061,yaw,3.0,125247,19899,0,108,1,804,1134,2,14,100,2
kitti,000061,pitch,0.0,125247,19791,108,108,1,1134,1134,2,100,100,2
kitti,000061,pitch,0.5,125247,19329,107,108,1,1130,1134,2,74,100,2
kitti,000061,pitch,1.0,125247,18877,102,108,1,1080,1134,2,54,100,2
kitti,000061,pitch,2.0,125247,17947,75,108,1,955,1134,2,0,100,2
kitti,000061,pitch,3.0,125247,16996,57,108,1,806,1134,2,0,100,2
kitti,000061,roll,0.0,125247,19791,108,108,1,1134,1134,2,100,100,2
kitti,000061,roll,0.5,125247,19795,107,108,1,1131,1134,2,84,100,2
kitti,000061,roll,1.0,125247,19790,102,108,1,1109,1134,2,73,100,2
kitti,000061,roll,2.0,125247,19774,89,108,1,1036,1134,2,59,100,2
kitti,000061,roll,3.0,125247,19799,77,108,1,929,1134,2,32,100,2
kitti,000061,tx,0.0,125247,19791,108,108,1,1134,1134,2,100,100,2
kitti,000061,tx,0.02,125247,19841,108,108,1,1134,1134,2,100,100,2
kitti,000061,tx,0.05,125247,19957,108,108,1,1134,1134,2,100,100,2
kitti,000061,tx,0.1,125247,20125,107,108,1,1134,1134,2,100,100,2
kitti,000061,ty,0.0,125247,19791,108,108,1,1134,1134,2,100,100,2
kitti,000061,ty,0.02,125247,19792,103,108,1,1134,1134,2,100,100,2
kitti,000061,ty,0.05,125247,19797,96,108,1,1134,1134,2,99,100,2
kitti,000061,ty,0.1,125247,19803,85,108,1,1134,1134,2,99,100,2
kitti,000061,tz,0.0,125247,19791,108,108,1,1134,1134,2,100,100,2
kitti,000061,tz,0.02,125247,19968,108,108,1,1134,1134,2,100,100,2
kitti,000061,tz,0.05,125247,20184,108,108,1,1134,1134,2,100,100,2
kitti,000061,tz,0.1,125247,20621,108,108,1,1134,1134,2,100,100,2
nuscenes,scene-0103_000,yaw,0.0,34752,2984,0,0,0,0,0,0,0,0,0
nuscenes,scene-0103_000,yaw,0.5,34752,2972,0,0,0,0,0,0,0,0,0
nuscenes,scene-0103_000,yaw,1.0,34752,2959,0,0,0,0,0,0,0,0,0
nuscenes,scene-0103_000,yaw,2.0,34752,2934,0,0,0,0,0,0,0,0,0
nuscenes,scene-0103_000,yaw,3.0,34752,2914,0,0,0,0,0,0,0,0,0
nuscenes,scene-0103_000,pitch,0.0,34752,2984,0,0,0,0,0,0,0,0,0
nuscenes,scene-0103_000,pitch,0.5,34752,2992,0,0,0,0,0,0,0,0,0
nuscenes,scene-0103_000,pitch,1.0,34752,2995,0,0,0,0,0,0,0,0,0
nuscenes,scene-0103_000,pitch,2.0,34752,2994,0,0,0,0,0,0,0,0,0
nuscenes,scene-0103_000,pitch,3.0,34752,2997,0,0,0,0,0,0,0,0,0
nuscenes,scene-0103_000,roll,0.0,34752,2984,0,0,0,0,0,0,0,0,0
nuscenes,scene-0103_000,roll,0.5,34752,3025,0,0,0,0,0,0,0,0,0
nuscenes,scene-0103_000,roll,1.0,34752,3123,0,0,0,0,0,0,0,0,0
nuscenes,scene-0103_000,roll,2.0,34752,3231,0,0,0,0,0,0,0,0,0
nuscenes,scene-0103_000,roll,3.0,34752,3354,0,0,0,0,0,0,0,0,0
nuscenes,scene-0103_000,tx,0.0,34752,2984,0,0,0,0,0,0,0,0,0
nuscenes,scene-0103_000,tx,0.02,34752,2986,0,0,0,0,0,0,0,0,0
nuscenes,scene-0103_000,tx,0.05,34752,2986,0,0,0,0,0,0,0,0,0
nuscenes,scene-0103_000,tx,0.1,34752,2990,0,0,0,0,0,0,0,0,0
nuscenes,scene-0103_000,ty,0.0,34752,2984,0,0,0,0,0,0,0,0,0
nuscenes,scene-0103_000,ty,0.02,34752,2997,0,0,0,0,0,0,0,0,0
nuscenes,scene-0103_000,ty,0.05,34752,3011,0,0,0,0,0,0,0,0,0
nuscenes,scene-0103_000,ty,0.1,34752,3032,0,0,0,0,0,0,0,0,0
nuscenes,scene-0103_000,tz,0.0,34752,2984,0,0,0,0,0,0,0,0,0
nuscenes,scene-0103_000,tz,0.02,34752,3002,0,0,0,0,0,0,0,0,0
nuscenes,scene-0103_000,tz,0.05,34752,3023,0,0,0,0,0,0,0,0,0
nuscenes,scene-0103_000,tz,0.1,34752,3126,0,0,0,0,0,0,0,0,0
nuscenes,scene-0103_001,yaw,0.0,34688,3047,20,20,1,0,0,0,0,0,0
nuscenes,scene-0103_001,yaw,0.5,34688,3036,20,20,1,0,0,0,0,0,0
nuscenes,scene-0103_001,yaw,1.0,34688,3023,20,20,1,0,0,0,0,0,0
nuscenes,scene-0103_001,yaw,2.0,34688,3005,13,20,1,0,0,0,0,0,0
nuscenes,scene-0103_001,yaw,3.0,34688,2994,0,20,1,0,0,0,0,0,0
nuscenes,scene-0103_001,pitch,0.0,34688,3047,20,20,1,0,0,0,0,0,0
nuscenes,scene-0103_001,pitch,0.5,34688,3052,17,20,1,0,0,0,0,0,0
nuscenes,scene-0103_001,pitch,1.0,34688,3053,14,20,1,0,0,0,0,0,0
nuscenes,scene-0103_001,pitch,2.0,34688,3055,14,20,1,0,0,0,0,0,0
nuscenes,scene-0103_001,pitch,3.0,34688,3054,14,20,1,0,0,0,0,0,0
nuscenes,scene-0103_001,roll,0.0,34688,3047,20,20,1,0,0,0,0,0,0
nuscenes,scene-0103_001,roll,0.5,34688,3086,20,20,1,0,0,0,0,0,0
nuscenes,scene-0103_001,roll,1.0,34688,3182,19,20,1,0,0,0,0,0,0
nuscenes,scene-0103_001,roll,2.0,34688,3295,18,20,1,0,0,0,0,0,0
nuscenes,scene-0103_001,roll,3.0,34688,3409,14,20,1,0,0,0,0,0,0
nuscenes,scene-0103_001,tx,0.0,34688,3047,20,20,1,0,0,0,0,0,0
nuscenes,scene-0103_001,tx,0.02,34688,3048,20,20,1,0,0,0,0,0,0
nuscenes,scene-0103_001,tx,0.05,34688,3048,19,20,1,0,0,0,0,0,0
nuscenes,scene-0103_001,tx,0.1,34688,3045,17,20,1,0,0,0,0,0,0
nuscenes,scene-0103_001,ty,0.0,34688,3047,20,20,1,0,0,0,0,0,0
nuscenes,scene-0103_001,ty,0.02,34688,3058,20,20,1,0,0,0,0,0,0
nuscenes,scene-0103_001,ty,0.05,34688,3071,20,20,1,0,0,0,0,0,0
nuscenes,scene-0103_001,ty,0.1,34688,3090,20,20,1,0,0,0,0,0,0
nuscenes,scene-0103_001,tz,0.0,34688,3047,20,20,1,0,0,0,0,0,0
nuscenes,scene-0103_001,tz,0.02,34688,3064,20,20,1,0,0,0,0,0,0
nuscenes,scene-0103_001,tz,0.05,34688,3084,20,20,1,0,0,0,0,0,0
nuscenes,scene-0103_001,tz,0.1,34688,3189,20,20,1,0,0,0,0,0,0
nuscenes,scene-0103_002,yaw,0.0,34752,3084,0,0,0,11,11,1,0,0,0
nuscenes,scene-0103_002,yaw,0.5,34752,3078,0,0,0,8,11,1,0,0,0
nuscenes,scene-0103_002,yaw,1.0,34752,3071,0,0,0,7,11,1,0,0,0
nuscenes,scene-0103_002,yaw,2.0,34752,3050,0,0,0,1,11,1,0,0,0
nuscenes,scene-0103_002,yaw,3.0,34752,3033,0,0,0,0,11,1,0,0,0
nuscenes,scene-0103_002,pitch,0.0,34752,3084,0,0,0,11,11,1,0,0,0
nuscenes,scene-0103_002,pitch,0.5,34752,3095,0,0,0,11,11,1,0,0,0
nuscenes,scene-0103_002,pitch,1.0,34752,3097,0,0,0,11,11,1,0,0,0
nuscenes,scene-0103_002,pitch,2.0,34752,3093,0,0,0,9,11,1,0,0,0
nuscenes,scene-0103_002,pitch,3.0,34752,3097,0,0,0,9,11,1,0,0,0
nuscenes,scene-0103_002,roll,0.0,34752,3084,0,0,0,11,11,1,0,0,0
nuscenes,scene-0103_002,roll,0.5,34752,3123,0,0,0,11,11,1,0,0,0
nuscenes,scene-0103_002,roll,1.0,34752,3224,0,0,0,11,11,1,0,0,0
nuscenes,scene-0103_002,roll,2.0,34752,3333,0,0,0,11,11,1,0,0,0
nuscenes,scene-0103_002,roll,3.0,34752,3455,0,0,0,7,11,1,0,0,0
nuscenes,scene-0103_002,tx,0.0,34752,3084,0,0,0,11,11,1,0,0,0
nuscenes,scene-0103_002,tx,0.02,34752,3086,0,0,0,11,11,1,0,0,0
nuscenes,scene-0103_002,tx,0.05,34752,3082,0,0,0,11,11,1,0,0,0
nuscenes,scene-0103_002,tx,0.1,34752,3081,0,0,0,11,11,1,0,0,0
nuscenes,scene-0103_002,ty,0.0,34752,3084,0,0,0,11,11,1,0,0,0
nuscenes,scene-0103_002,ty,0.02,34752,3094,0,0,0,11,11,1,0,0,0
nuscenes,scene-0103_002,ty,0.05,34752,3106,0,0,0,11,11,1,0,0,0
nuscenes,scene-0103_002,ty,0.1,34752,3128,0,0,0,11,11,1,0,0,0
nuscenes,scene-0103_002,tz,0.0,34752,3084,0,0,0,11,11,1,0,0,0
nuscenes,scene-0103_002,tz,0.02,34752,3101,0,0,0,11,11,1,0,0,0
nuscenes,scene-0103_002,tz,0.05,34752,3123,0,0,0,11,11,1,0,0,0
nuscenes,scene-0103_002,tz,0.1,34752,3225,0,0,0,11,11,1,0,0,0
nuscenes,scene-0103_003,yaw,0.0,34720,3100,0,0,0,27,27,2,0,0,0
nuscenes,scene-0103_003,yaw,0.5,34720,3100,0,0,0,27,27,2,0,0,0
nuscenes,scene-0103_003,yaw,1.0,34720,3104,0,0,0,24,27,2,0,0,0
nuscenes,scene-0103_003,yaw,2.0,34720,3102,0,0,0,14,27,2,0,0,0
nuscenes,scene-0103_003,yaw,3.0,34720,3089,0,0,0,6,27,2,0,0,0
nuscenes,scene-0103_003,pitch,0.0,34720,3100,0,0,0,27,27,2,0,0,0
nuscenes,scene-0103_003,pitch,0.5,34720,3106,0,0,0,27,27,2,0,0,0
nuscenes,scene-0103_003,pitch,1.0,34720,3106,0,0,0,25,27,2,0,0,0
nuscenes,scene-0103_003,pitch,2.0,34720,3100,0,0,0,25,27,2,0,0,0
nuscenes,scene-0103_003,pitch,3.0,34720,3101,0,0,0,25,27,2,0,0,0
nuscenes,scene-0103_003,roll,0.0,34720,3100,0,0,0,27,27,2,0,0,0
nuscenes,scene-0103_003,roll,0.5,34720,3137,0,0,0,27,27,2,0,0,0
nuscenes,scene-0103_003,roll,1.0,34720,3230,0,0,0,25,27,2,0,0,0
nuscenes,scene-0103_003,roll,2.0,34720,3342,0,0,0,24,27,2,0,0,0
nuscenes,scene-0103_003,roll,3.0,34720,3466,0,0,0,18,27,2,0,0,0
nuscenes,scene-0103_003,tx,0.0,34720,3100,0,0,0,27,27,2,0,0,0
nuscenes,scene-0103_003,tx,0.02,34720,3096,0,0,0,27,27,2,0,0,0
nuscenes,scene-0103_003,tx,0.05,34720,3094,0,0,0,27,27,2,0,0,0
nuscenes,scene-0103_003,tx,0.1,34720,3096,0,0,0,27,27,2,0,0,0
nuscenes,scene-0103_003,ty,0.0,34720,3100,0,0,0,27,27,2,0,0,0
nuscenes,scene-0103_003,ty,0.02,34720,3108,0,0,0,27,27,2,0,0,0
nuscenes,scene-0103_003,ty,0.05,34720,3118,0,0,0,27,27,2,0,0,0
nuscenes,scene-0103_003,ty,0.1,34720,3141,0,0,0,27,27,2,0,0,0
nuscenes,scene-0103_003,tz,0.0,34720,3100,0,0,0,27,27,2,0,0,0
nuscenes,scene-0103_003,tz,0.02,34720,3117,0,0,0,27,27,2,0,0,0
nuscenes,scene-0103_003,tz,0.05,34720,3139,0,0,0,27,27,2,0,0,0
nuscenes,scene-0103_003,tz,0.1,34720,3239,0,0,0,27,27,2,0,0,0
nuscenes,scene-0103_004,yaw,0.0,34784,3062,53,53,1,26,26,2,0,0,0
nuscenes,scene-0103_004,yaw,0.5,34784,3052,53,53,1,19,26,2,0,0,0
nuscenes,scene-0103_004,yaw,1.0,34784,3056,53,53,1,15,26,2,0,0,0
nuscenes,scene-0103_004,yaw,2.0,34784,3065,51,53,1,7,26,2,0,0,0
nuscenes,scene-0103_004,yaw,3.0,34784,3073,47,53,1,0,26,2,0,0,0
nuscenes,scene-0103_004,pitch,0.0,34784,3062,53,53,1,26,26,2,0,0,0
nuscenes,scene-0103_004,pitch,0.5,34784,3066,53,53,1,26,26,2,0,0,0
nuscenes,scene-0103_004,pitch,1.0,34784,3065,53,53,1,26,26,2,0,0,0
nuscenes,scene-0103_004,pitch,2.0,34784,3061,53,53,1,24,26,2,0,0,0
nuscenes,scene-0103_004,pitch,3.0,34784,3069,53,53,1,22,26,2,0,0,0
nuscenes,scene-0103_004,roll,0.0,34784,3062,53,53,1,26,26,2,0,0,0
nuscenes,scene-0103_004,roll,0.5,34784,3098,53,53,1,26,26,2,0,0,0
nuscenes,scene-0103_004,roll,1.0,34784,3194,53,53,1,26,26,2,0,0,0
nuscenes,scene-0103_004,roll,2.0,34784,3302,49,53,1,22,26,2,0,0,0
nuscenes,scene-0103_004,roll,3.0,34784,3420,45,53,1,19,26,2,0,0,0
nuscenes,scene-0103_004,tx,0.0,34784,3062,53,53,1,26,26,2,0,0,0
nuscenes,scene-0103_004,tx,0.02,34784,3059,53,53,1,26,26,2,0,0,0
nuscenes,scene-0103_004,tx,0.05,34784,3056,53,53,1,26,26,2,0,0,0
nuscenes,scene-0103_004,tx,0.1,34784,3055,53,53,1,26,26,2,0,0,0
nuscenes,scene-0103_004,ty,0.0,34784,3062,53,53,1,26,26,2,0,0,0
nuscenes,scene-0103_004,ty,0.02,34784,3069,53,53,1,26,26,2,0,0,0
nuscenes,scene-0103_004,ty,0.05,34784,3080,53,53,1,26,26,2,0,0,0
nuscenes,scene-0103_004,ty,0.1,34784,3108,53,53,1,26,26,2,0,0,0
nuscenes,scene-0103_004,tz,0.0,34784,3062,53,53,1,26,26,2,0,0,0
nuscenes,scene-0103_004,tz,0.02,34784,3078,53,53,1,26,26,2,0,0,0
nuscenes,scene-0103_004,tz,0.05,34784,3099,53,53,1,26,26,2,0,0,0
nuscenes,scene-0103_004,tz,0.1,34784,3200,53,53,1,26,26,2,0,0,0
nuscenes,scene-0103_005,yaw,0.0,34720,3083,79,79,1,13,13,1,0,0,0
nuscenes,scene-0103_005,yaw,0.5,34720,3089,76,79,1,13,13,1,0,0,0
nuscenes,scene-0103_005,yaw,1.0,34720,3087,71,79,1,12,13,1,0,0,0
nuscenes,scene-0103_005,yaw,2.0,34720,3109,63,79,1,2,13,1,0,0,0
nuscenes,scene-0103_005,yaw,3.0,34720,3122,54,79,1,0,13,1,0,0,0
nuscenes,scene-0103_005,pitch,0.0,34720,3083,79,79,1,13,13,1,0,0,0
nuscenes,scene-0103_005,pitch,0.5,34720,3088,79,79,1,13,13,1,0,0,0
nuscenes,scene-0103_005,pitch,1.0,34720,3091,79,79,1,13,13,1,0,0,0
nuscenes,scene-0103_005,pitch,2.0,34720,3091,78,79,1,13,13,1,0,0,0
nuscenes,scene-0103_005,pitch,3.0,34720,3093,77,79,1,11,13,1,0,0,0
nuscenes,scene-0103_005,roll,0.0,34720,3083,79,79,1,13,13,1,0,0,0
nuscenes,scene-0103_005,roll,0.5,34720,3114,79,79,1,13,13,1,0,0,0
nuscenes,scene-0103_005,roll,1.0,34720,3217,79,79,1,11,13,1,0,0,0
nuscenes,scene-0103_005,roll,2.0,34720,3334,79,79,1,11,13,1,0,0,0
nuscenes,scene-0103_005,roll,3.0,34720,3440,79,79,1,6,13,1,0,0,0
nuscenes,scene-0103_005,tx,0.0,34720,3083,79,79,1,13,13,1,0,0,0
nuscenes,scene-0103_005,tx,0.02,34720,3083,79,79,1,13,13,1,0,0,0
nuscenes,scene-0103_005,tx,0.05,34720,3079,79,79,1,13,13,1,0,0,0
nuscenes,scene-0103_005,tx,0.1,34720,3081,79,79,1,13,13,1,0,0,0
nuscenes,scene-0103_005,ty,0.0,34720,3083,79,79,1,13,13,1,0,0,0
nuscenes,scene-0103_005,ty,0.02,34720,3092,79,79,1,13,13,1,0,0,0
nuscenes,scene-0103_005,ty,0.05,34720,3106,79,79,1,13,13,1,0,0,0
nuscenes,scene-0103_005,ty,0.1,34720,3131,79,79,1,13,13,1,0,0,0
nuscenes,scene-0103_005,tz,0.0,34720,3083,79,79,1,13,13,1,0,0,0
nuscenes,scene-0103_005,tz,0.02,34720,3100,79,79,1,13,13,1,0,0,0
nuscenes,scene-0103_005,tz,0.05,34720,3140,79,79,1,13,13,1,0,0,0
nuscenes,scene-0103_005,tz,0.1,34720,3228,79,79,1,13,13,1,0,0,0
nuscenes,scene-0103_006,yaw,0.0,34688,3180,0,0,0,33,33,2,0,0,0
nuscenes,scene-0103_006,yaw,0.5,34688,3183,0,0,0,32,33,2,0,0,0
nuscenes,scene-0103_006,yaw,1.0,34688,3183,0,0,0,31,33,2,0,0,0
nuscenes,scene-0103_006,yaw,2.0,34688,3183,0,0,0,25,33,2,0,0,0
nuscenes,scene-0103_006,yaw,3.0,34688,3183,0,0,0,19,33,2,0,0,0
nuscenes,scene-0103_006,pitch,0.0,34688,3180,0,0,0,33,33,2,0,0,0
nuscenes,scene-0103_006,pitch,0.5,34688,3187,0,0,0,33,33,2,0,0,0
nuscenes,scene-0103_006,pitch,1.0,34688,3187,0,0,0,33,33,2,0,0,0
nuscenes,scene-0103_006,pitch,2.0,34688,3182,0,0,0,33,33,2,0,0,0
nuscenes,scene-0103_006,pitch,3.0,34688,3183,0,0,0,33,33,2,0,0,0
nuscenes,scene-0103_006,roll,0.0,34688,3180,0,0,0,33,33,2,0,0,0
nuscenes,scene-0103_006,roll,0.5,34688,3216,0,0,0,33,33,2,0,0,0
nuscenes,scene-0103_006,roll,1.0,34688,3314,0,0,0,33,33,2,0,0,0
nuscenes,scene-0103_006,roll,2.0,34688,3429,0,0,0,30,33,2,0,0,0
nuscenes,scene-0103_006,roll,3.0,34688,3536,0,0,0,30,33,2,0,0,0
nuscenes,scene-0103_006,tx,0.0,34688,3180,0,0,0,33,33,2,0,0,0
nuscenes,scene-0103_006,tx,0.02,34688,3179,0,0,0,33,33,2,0,0,0
nuscenes,scene-0103_006,tx,0.05,34688,3177,0,0,0,33,33,2,0,0,0
nuscenes,scene-0103_006,tx,0.1,34688,3170,0,0,0,33,33,2,0,0,0
nuscenes,scene-0103_006,ty,0.0,34688,3180,0,0,0,33,33,2,0,0,0
nuscenes,scene-0103_006,ty,0.02,34688,3192,0,0,0,33,33,2,0,0,0
nuscenes,scene-0103_006,ty,0.05,34688,3203,0,0,0,33,33,2,0,0,0
nuscenes,scene-0103_006,ty,0.1,34688,3231,0,0,0,33,33,2,0,0,0
nuscenes,scene-0103_006,tz,0.0,34688,3180,0,0,0,33,33,2,0,0,0
nuscenes,scene-0103_006,tz,0.02,34688,3197,0,0,0,33,33,2,0,0,0
nuscenes,scene-0103_006,tz,0.05,34688,3239,0,0,0,33,33,2,0,0,0
nuscenes,scene-0103_006,tz,0.1,34688,3319,0,0,0,33,33,2,0,0,0
nuscenes,scene-0103_007,yaw,0.0,34688,3143,101,101,1,11,11,1,0,0,0
nuscenes,scene-0103_007,yaw,0.5,34688,3141,101,101,1,11,11,1,0,0,0
nuscenes,scene-0103_007,yaw,1.0,34688,3140,100,101,1,10,11,1,0,0,0
nuscenes,scene-0103_007,yaw,2.0,34688,3139,96,101,1,8,11,1,0,0,0
nuscenes,scene-0103_007,yaw,3.0,34688,3139,91,101,1,8,11,1,0,0,0
nuscenes,scene-0103_007,pitch,0.0,34688,3143,101,101,1,11,11,1,0,0,0
nuscenes,scene-0103_007,pitch,0.5,34688,3151,101,101,1,11,11,1,0,0,0
nuscenes,scene-0103_007,pitch,1.0,34688,3149,101,101,1,11,11,1,0,0,0
nuscenes,scene-0103_007,pitch,2.0,34688,3142,101,101,1,11,11,1,0,0,0
nuscenes,scene-0103_007,pitch,3.0,34688,3146,97,101,1,5,11,1,0,0,0
nuscenes,scene-0103_007,roll,0.0,34688,3143,101,101,1,11,11,1,0,0,0
nuscenes,scene-0103_007,roll,0.5,34688,3189,101,101,1,11,11,1,0,0,0
nuscenes,scene-0103_007,roll,1.0,34688,3283,97,101,1,5,11,1,0,0,0
nuscenes,scene-0103_007,roll,2.0,34688,3402,95,101,1,5,11,1,0,0,0
nuscenes,scene-0103_007,roll,3.0,34688,3505,92,101,1,5,11,1,0,0,0
nuscenes,scene-0103_007,tx,0.0,34688,3143,101,101,1,11,11,1,0,0,0
nuscenes,scene-0103_007,tx,0.02,34688,3144,101,101,1,11,11,1,0,0,0
nuscenes,scene-0103_007,tx,0.05,34688,3138,101,101,1,11,11,1,0,0,0
nuscenes,scene-0103_007,tx,0.1,34688,3134,101,101,1,11,11,1,0,0,0
nuscenes,scene-0103_007,ty,0.0,34688,3143,101,101,1,11,11,1,0,0,0
nuscenes,scene-0103_007,ty,0.02,34688,3154,101,101,1,11,11,1,0,0,0
nuscenes,scene-0103_007,ty,0.05,34688,3168,101,101,1,11,11,1,0,0,0
nuscenes,scene-0103_007,ty,0.1,34688,3197,101,101,1,11,11,1,0,0,0
nuscenes,scene-0103_007,tz,0.0,34688,3143,101,101,1,11,11,1,0,0,0
nuscenes,scene-0103_007,tz,0.02,34688,3160,101,101,1,11,11,1,0,0,0
nuscenes,scene-0103_007,tz,0.05,34688,3210,101,101,1,11,11,1,0,0,0
nuscenes,scene-0103_007,tz,0.1,34688,3289,101,101,1,11,11,1,0,0,0
nuscenes,scene-0103_008,yaw,0.0,34720,2968,61,61,1,48,48,1,0,0,0
nuscenes,scene-0103_008,yaw,0.5,34720,2970,52,61,1,48,48,1,0,0,0
nuscenes,scene-0103_008,yaw,1.0,34720,2972,42,61,1,48,48,1,0,0,0
nuscenes,scene-0103_008,yaw,2.0,34720,2978,26,61,1,43,48,1,0,0,0
nuscenes,scene-0103_008,yaw,3.0,34720,2981,9,61,1,38,48,1,0,0,0
nuscenes,scene-0103_008,pitch,0.0,34720,2968,61,61,1,48,48,1,0,0,0
nuscenes,scene-0103_008,pitch,0.5,34720,2974,61,61,1,48,48,1,0,0,0
nuscenes,scene-0103_008,pitch,1.0,34720,2972,57,61,1,48,48,1,0,0,0
nuscenes,scene-0103_008,pitch,2.0,34720,2975,56,61,1,48,48,1,0,0,0
nuscenes,scene-0103_008,pitch,3.0,34720,2978,55,61,1,48,48,1,0,0,0
nuscenes,scene-0103_008,roll,0.0,34720,2968,61,61,1,48,48,1,0,0,0
nuscenes,scene-0103_008,roll,0.5,34720,3002,61,61,1,48,48,1,0,0,0
nuscenes,scene-0103_008,roll,1.0,34720,3101,61,61,1,48,48,1,0,0,0
nuscenes,scene-0103_008,roll,2.0,34720,3214,61,61,1,48,48,1,0,0,0
nuscenes,scene-0103_008,roll,3.0,34720,3329,61,61,1,38,48,1,0,0,0
nuscenes,scene-0103_008,tx,0.0,34720,2968,61,61,1,48,48,1,0,0,0
nuscenes,scene-0103_008,tx,0.02,34720,2965,61,61,1,48,48,1,0,0,0
nuscenes,scene-0103_008,tx,0.05,34720,2964,61,61,1,48,48,1,0,0,0
nuscenes,scene-0103_008,tx,0.1,34720,2967,60,61,1,48,48,1,0,0,0
nuscenes,scene-0103_008,ty,0.0,34720,2968,61,61,1,48,48,1,0,0,0
nuscenes,scene-0103_008,ty,0.02,34720,2978,61,61,1,48,48,1,0,0,0
nuscenes,scene-0103_008,ty,0.05,34720,2992,61,61,1,48,48,1,0,0,0
nuscenes,scene-0103_008,ty,0.1,34720,3020,61,61,1,48,48,1,0,0,0
nuscenes,scene-0103_008,tz,0.0,34720,2968,61,61,1,48,48,1,0,0,0
nuscenes,scene-0103_008,tz,0.02,34720,2983,61,61,1,48,48,1,0,0,0
nuscenes,scene-0103_008,tz,0.05,34720,3001,61,61,1,48,48,1,0,0,0
nuscenes,scene-0103_008,tz,0.1,34720,3110,61,61,1,48,48,1,0,0,0
nuscenes,scene-0103_009,yaw,0.0,34720,3044,58,58,1,29,29,2,0,0,0
nuscenes,scene-0103_009,yaw,0.5,34720,3040,53,58,1,29,29,2,0,0,0
nuscenes,scene-0103_009,yaw,1.0,34720,3045,49,58,1,28,29,2,0,0,0
nuscenes,scene-0103_009,yaw,2.0,34720,3033,40,58,1,25,29,2,0,0,0
nuscenes,scene-0103_009,yaw,3.0,34720,3034,30,58,1,20,29,2,0,0,0
nuscenes,scene-0103_009,pitch,0.0,34720,3044,58,58,1,29,29,2,0,0,0
nuscenes,scene-0103_009,pitch,0.5,34720,3049,58,58,1,29,29,2,0,0,0
nuscenes,scene-0103_009,pitch,1.0,34720,3049,58,58,1,29,29,2,0,0,0
nuscenes,scene-0103_009,pitch,2.0,34720,3047,58,58,1,29,29,2,0,0,0
nuscenes,scene-0103_009,pitch,3.0,34720,3049,58,58,1,27,29,2,0,0,0
nuscenes,scene-0103_009,roll,0.0,34720,3044,58,58,1,29,29,2,0,0,0
nuscenes,scene-0103_009,roll,0.5,34720,3082,58,58,1,29,29,2,0,0,0
nuscenes,scene-0103_009,roll,1.0,34720,3178,58,58,1,27,29,2,0,0,0
nuscenes,scene-0103_009,roll,2.0,34720,3286,58,58,1,20,29,2,0,0,0
nuscenes,scene-0103_009,roll,3.0,34720,3403,54,58,1,6,29,2,0,0,0
nuscenes,scene-0103_009,tx,0.0,34720,3044,58,58,1,29,29,2,0,0,0
nuscenes,scene-0103_009,tx,0.02,34720,3046,58,58,1,29,29,2,0,0,0
nuscenes,scene-0103_009,tx,0.05,34720,3041,58,58,1,29,29,2,0,0,0
nuscenes,scene-0103_009,tx,0.1,34720,3041,58,58,1,29,29,2,0,0,0
nuscenes,scene-0103_009,ty,0.0,34720,3044,58,58,1,29,29,2,0,0,0
nuscenes,scene-0103_009,ty,0.02,34720,3053,58,58,1,29,29,2,0,0,0
nuscenes,scene-0103_009,ty,0.05,34720,3069,58,58,1,29,29,2,0,0,0
nuscenes,scene-0103_009,ty,0.1,34720,3093,58,58,1,29,29,2,0,0,0
nuscenes,scene-0103_009,tz,0.0,34720,3044,58,58,1,29,29,2,0,0,0
nuscenes,scene-0103_009,tz,0.02,34720,3062,58,58,1,29,29,2,0,0,0
nuscenes,scene-0103_009,tz,0.05,34720,3081,58,58,1,29,29,2,0,0,0
nuscenes,scene-0103_009,tz,0.1,34720,3184,58,58,1,29,29,2,0,0,0
nuscenes,scene-0103_010,yaw,0.0,34720,3120,0,0,0,78,78,3,0,0,0
nuscenes,scene-0103_010,yaw,0.5,34720,3126,0,0,0,77,78,3,0,0,0
nuscenes,scene-0103_010,yaw,1.0,34720,3125,0,0,0,74,78,3,0,0,0
nuscenes,scene-0103_010,yaw,2.0,34720,3126,0,0,0,66,78,3,0,0,0
nuscenes,scene-0103_010,yaw,3.0,34720,3133,0,0,0,57,78,3,0,0,0
nuscenes,scene-0103_010,pitch,0.0,34720,3120,0,0,0,78,78,3,0,0,0
nuscenes,scene-0103_010,pitch,0.5,34720,3128,0,0,0,78,78,3,0,0,0
nuscenes,scene-0103_010,pitch,1.0,34720,3131,0,0,0,78,78,3,0,0,0
nuscenes,scene-0103_010,pitch,2.0,34720,3125,0,0,0,78,78,3,0,0,0
nuscenes,scene-0103_010,pitch,3.0,34720,3124,0,0,0,76,78,3,0,0,0
nuscenes,scene-0103_010,roll,0.0,34720,3120,0,0,0,78,78,3,0,0,0
nuscenes,scene-0103_010,roll,0.5,34720,3160,0,0,0,78,78,3,0,0,0
nuscenes,scene-0103_010,roll,1.0,34720,3256,0,0,0,78,78,3,0,0,0
nuscenes,scene-0103_010,roll,2.0,34720,3373,0,0,0,69,78,3,0,0,0
nuscenes,scene-0103_010,roll,3.0,34720,3479,0,0,0,49,78,3,0,0,0
nuscenes,scene-0103_010,tx,0.0,34720,3120,0,0,0,78,78,3,0,0,0
nuscenes,scene-0103_010,tx,0.02,34720,3120,0,0,0,78,78,3,0,0,0
nuscenes,scene-0103_010,tx,0.05,34720,3116,0,0,0,78,78,3,0,0,0
nuscenes,scene-0103_010,tx,0.1,34720,3113,0,0,0,78,78,3,0,0,0
nuscenes,scene-0103_010,ty,0.0,34720,3120,0,0,0,78,78,3,0,0,0
nuscenes,scene-0103_010,ty,0.02,34720,3130,0,0,0,78,78,3,0,0,0
nuscenes,scene-0103_010,ty,0.05,34720,3144,0,0,0,78,78,3,0,0,0
nuscenes,scene-0103_010,ty,0.1,34720,3169,0,0,0,78,78,3,0,0,0
nuscenes,scene-0103_010,tz,0.0,34720,3120,0,0,0,78,78,3,0,0,0
nuscenes,scene-0103_010,tz,0.02,34720,3138,0,0,0,78,78,3,0,0,0
nuscenes,scene-0103_010,tz,0.05,34720,3159,0,0,0,78,78,3,0,0,0
nuscenes,scene-0103_010,tz,0.1,34720,3264,0,0,0,78,78,3,0,0,0
nuscenes,scene-0103_011,yaw,0.0,34688,3097,0,0,0,91,91,3,0,0,0
nuscenes,scene-0103_011,yaw,0.5,34688,3098,0,0,0,91,91,3,0,0,0
nuscenes,scene-0103_011,yaw,1.0,34688,3099,0,0,0,87,91,3,0,0,0
nuscenes,scene-0103_011,yaw,2.0,34688,3103,0,0,0,76,91,3,0,0,0
nuscenes,scene-0103_011,yaw,3.0,34688,3103,0,0,0,66,91,3,0,0,0
nuscenes,scene-0103_011,pitch,0.0,34688,3097,0,0,0,91,91,3,0,0,0
nuscenes,scene-0103_011,pitch,0.5,34688,3101,0,0,0,90,91,3,0,0,0
nuscenes,scene-0103_011,pitch,1.0,34688,3106,0,0,0,90,91,3,0,0,0
nuscenes,scene-0103_011,pitch,2.0,34688,3097,0,0,0,87,91,3,0,0,0
nuscenes,scene-0103_011,pitch,3.0,34688,3102,0,0,0,87,91,3,0,0,0
nuscenes,scene-0103_011,roll,0.0,34688,3097,0,0,0,91,91,3,0,0,0
nuscenes,scene-0103_011,roll,0.5,34688,3133,0,0,0,91,91,3,0,0,0
nuscenes,scene-0103_011,roll,1.0,34688,3230,0,0,0,91,91,3,0,0,0
nuscenes,scene-0103_011,roll,2.0,34688,3345,0,0,0,85,91,3,0,0,0
nuscenes,scene-0103_011,roll,3.0,34688,3459,0,0,0,65,91,3,0,0,0
nuscenes,scene-0103_011,tx,0.0,34688,3097,0,0,0,91,91,3,0,0,0
nuscenes,scene-0103_011,tx,0.02,34688,3095,0,0,0,90,91,3,0,0,0
nuscenes,scene-0103_011,tx,0.05,34688,3095,0,0,0,90,91,3,0,0,0
nuscenes,scene-0103_011,tx,0.1,34688,3090,0,0,0,89,91,3,0,0,0
nuscenes,scene-0103_011,ty,0.0,34688,3097,0,0,0,91,91,3,0,0,0
nuscenes,scene-0103_011,ty,0.02,34688,3103,0,0,0,91,91,3,0,0,0
nuscenes,scene-0103_011,ty,0.05,34688,3122,0,0,0,91,91,3,0,0,0
nuscenes,scene-0103_011,ty,0.1,34688,3150,0,0,0,91,91,3,0,0,0
nuscenes,scene-0103_011,tz,0.0,34688,3097,0,0,0,91,91,3,0,0,0
nuscenes,scene-0103_011,tz,0.02,34688,3114,0,0,0,91,91,3,0,0,0
nuscenes,scene-0103_011,tz,0.05,34688,3136,0,0,0,91,91,3,0,0,0
nuscenes,scene-0103_011,tz,0.1,34688,3240,0,0,0,91,91,3,0,0,0
nuscenes,scene-0103_012,yaw,0.0,34688,3023,0,0,0,119,119,3,0,0,0
nuscenes,scene-0103_012,yaw,0.5,34688,3016,0,0,0,119,119,3,0,0,0
nuscenes,scene-0103_012,yaw,1.0,34688,3020,0,0,0,116,119,3,0,0,0
nuscenes,scene-0103_012,yaw,2.0,34688,3017,0,0,0,109,119,3,0,0,0
nuscenes,scene-0103_012,yaw,3.0,34688,3013,0,0,0,98,119,3,0,0,0
nuscenes,scene-0103_012,pitch,0.0,34688,3023,0,0,0,119,119,3,0,0,0
nuscenes,scene-0103_012,pitch,0.5,34688,3028,0,0,0,119,119,3,0,0,0
nuscenes,scene-0103_012,pitch,1.0,34688,3028,0,0,0,119,119,3,0,0,0
nuscenes,scene-0103_012,pitch,2.0,34688,3027,0,0,0,119,119,3,0,0,0
nuscenes,scene-0103_012,pitch,3.0,34688,3025,0,0,0,114,119,3,0,0,0
nuscenes,scene-0103_012,roll,0.0,34688,3023,0,0,0,119,119,3,0,0,0
nuscenes,scene-0103_012,roll,0.5,34688,3059,0,0,0,119,119,3,0,0,0
nuscenes,scene-0103_012,roll,1.0,34688,3157,0,0,0,112,119,3,0,0,0
nuscenes,scene-0103_012,roll,2.0,34688,3273,0,0,0,102,119,3,0,0,0
nuscenes,scene-0103_012,roll,3.0,34688,3384,0,0,0,82,119,3,0,0,0
nuscenes,scene-0103_012,tx,0.0,34688,3023,0,0,0,119,119,3,0,0,0
nuscenes,scene-0103_012,tx,0.02,34688,3021,0,0,0,119,119,3,0,0,0
nuscenes,scene-0103_012,tx,0.05,34688,3020,0,0,0,119,119,3,0,0,0
nuscenes,scene-0103_012,tx,0.1,34688,3019,0,0,0,119,119,3,0,0,0
nuscenes,scene-0103_012,ty,0.0,34688,3023,0,0,0,119,119,3,0,0,0
nuscenes,scene-0103_012,ty,0.02,34688,3034,0,0,0,119,119,3,0,0,0
nuscenes,scene-0103_012,ty,0.05,34688,3045,0,0,0,119,119,3,0,0,0
nuscenes,scene-0103_012,ty,0.1,34688,3068,0,0,0,119,119,3,0,0,0
nuscenes,scene-0103_012,tz,0.0,34688,3023,0,0,0,119,119,3,0,0,0
nuscenes,scene-0103_012,tz,0.02,34688,3041,0,0,0,119,119,3,0,0,0
nuscenes,scene-0103_012,tz,0.05,34688,3059,0,0,0,119,119,3,0,0,0
nuscenes,scene-0103_012,tz,0.1,34688,3166,0,0,0,119,119,3,0,0,0
nuscenes,scene-0103_013,yaw,0.0,34688,3024,89,89,1,87,87,2,0,0,0
nuscenes,scene-0103_013,yaw,0.5,34688,3018,89,89,1,87,87,2,0,0,0
nuscenes,scene-0103_013,yaw,1.0,34688,3014,89,89,1,86,87,2,0,0,0
nuscenes,scene-0103_013,yaw,2.0,34688,3014,85,89,1,82,87,2,0,0,0
nuscenes,scene-0103_013,yaw,3.0,34688,3009,79,89,1,76,87,2,0,0,0
nuscenes,scene-0103_013,pitch,0.0,34688,3024,89,89,1,87,87,2,0,0,0
nuscenes,scene-0103_013,pitch,0.5,34688,3027,89,89,1,87,87,2,0,0,0
nuscenes,scene-0103_013,pitch,1.0,34688,3025,89,89,1,87,87,2,0,0,0
nuscenes,scene-0103_013,pitch,2.0,34688,3024,89,89,1,87,87,2,0,0,0
nuscenes,scene-0103_013,pitch,3.0,34688,3026,89,89,1,85,87,2,0,0,0
nuscenes,scene-0103_013,roll,0.0,34688,3024,89,89,1,87,87,2,0,0,0
nuscenes,scene-0103_013,roll,0.5,34688,3064,89,89,1,87,87,2,0,0,0
nuscenes,scene-0103_013,roll,1.0,34688,3162,89,89,1,87,87,2,0,0,0
nuscenes,scene-0103_013,roll,2.0,34688,3276,86,89,1,82,87,2,0,0,0
nuscenes,scene-0103_013,roll,3.0,34688,3382,83,89,1,56,87,2,0,0,0
nuscenes,scene-0103_013,tx,0.0,34688,3024,89,89,1,87,87,2,0,0,0
nuscenes,scene-0103_013,tx,0.02,34688,3020,89,89,1,87,87,2,0,0,0
nuscenes,scene-0103_013,tx,0.05,34688,3020,89,89,1,87,87,2,0,0,0
nuscenes,scene-0103_013,tx,0.1,34688,3018,89,89,1,87,87,2,0,0,0
nuscenes,scene-0103_013,ty,0.0,34688,3024,89,89,1,87,87,2,0,0,0
nuscenes,scene-0103_013,ty,0.02,34688,3034,89,89,1,87,87,2,0,0,0
nuscenes,scene-0103_013,ty,0.05,34688,3044,89,89,1,87,87,2,0,0,0
nuscenes,scene-0103_013,ty,0.1,34688,3071,89,89,1,87,87,2,0,0,0
nuscenes,scene-0103_013,tz,0.0,34688,3024,89,89,1,87,87,2,0,0,0
nuscenes,scene-0103_013,tz,0.02,34688,3041,89,89,1,87,87,2,0,0,0
nuscenes,scene-0103_013,tz,0.05,34688,3063,89,89,1,87,87,2,0,0,0
nuscenes,scene-0103_013,tz,0.1,34688,3168,89,89,1,87,87,2,0,0,0
nuscenes,scene-0103_014,yaw,0.0,34720,3013,261,261,2,26,26,1,0,0,0
nuscenes,scene-0103_014,yaw,0.5,34720,3012,261,261,2,26,26,1,0,0,0
nuscenes,scene-0103_014,yaw,1.0,34720,3006,258,261,2,24,26,1,0,0,0
nuscenes,scene-0103_014,yaw,2.0,34720,2995,249,261,2,18,26,1,0,0,0
nuscenes,scene-0103_014,yaw,3.0,34720,2998,240,261,2,12,26,1,0,0,0
nuscenes,scene-0103_014,pitch,0.0,34720,3013,261,261,2,26,26,1,0,0,0
nuscenes,scene-0103_014,pitch,0.5,34720,3020,261,261,2,26,26,1,0,0,0
nuscenes,scene-0103_014,pitch,1.0,34720,3021,261,261,2,26,26,1,0,0,0
nuscenes,scene-0103_014,pitch,2.0,34720,3019,261,261,2,26,26,1,0,0,0
nuscenes,scene-0103_014,pitch,3.0,34720,3019,245,261,2,26,26,1,0,0,0
nuscenes,scene-0103_014,roll,0.0,34720,3013,261,261,2,26,26,1,0,0,0
nuscenes,scene-0103_014,roll,0.5,34720,3047,261,261,2,26,26,1,0,0,0
nuscenes,scene-0103_014,roll,1.0,34720,3152,261,261,2,26,26,1,0,0,0
nuscenes,scene-0103_014,roll,2.0,34720,3275,240,261,2,25,26,1,0,0,0
nuscenes,scene-0103_014,roll,3.0,34720,3385,220,261,2,12,26,1,0,0,0
nuscenes,scene-0103_014,tx,0.0,34720,3013,261,261,2,26,26,1,0,0,0
nuscenes,scene-0103_014,tx,0.02,34720,3015,261,261,2,26,26,1,0,0,0
nuscenes,scene-0103_014,tx,0.05,34720,3009,261,261,2,26,26,1,0,0,0
nuscenes,scene-0103_014,tx,0.1,34720,3010,261,261,2,26,26,1,0,0,0
nuscenes,scene-0103_014,ty,0.0,34720,3013,261,261,2,26,26,1,0,0,0
nuscenes,scene-0103_014,ty,0.02,34720,3024,261,261,2,26,26,1,0,0,0
nuscenes,scene-0103_014,ty,0.05,34720,3040,261,261,2,26,26,1,0,0,0
nuscenes,scene-0103_014,ty,0.1,34720,3066,261,261,2,26,26,1,0,0,0
nuscenes,scene-0103_014,tz,0.0,34720,3013,261,261,2,26,26,1,0,0,0
nuscenes,scene-0103_014,tz,0.02,34720,3030,261,261,2,26,26,1,0,0,0
nuscenes,scene-0103_014,tz,0.05,34720,3051,261,261,2,26,26,1,0,0,0
nuscenes,scene-0103_014,tz,0.1,34720,3157,261,261,2,26,26,1,0,0,0
nuscenes,scene-0103_015,yaw,0.0,34688,2935,319,319,2,23,23,1,0,0,0
nuscenes,scene-0103_015,yaw,0.5,34688,2941,319,319,2,23,23,1,0,0,0
nuscenes,scene-0103_015,yaw,1.0,34688,2943,319,319,2,23,23,1,0,0,0
nuscenes,scene-0103_015,yaw,2.0,34688,2943,310,319,2,20,23,1,0,0,0
nuscenes,scene-0103_015,yaw,3.0,34688,2940,299,319,2,17,23,1,0,0,0
nuscenes,scene-0103_015,pitch,0.0,34688,2935,319,319,2,23,23,1,0,0,0
nuscenes,scene-0103_015,pitch,0.5,34688,2940,319,319,2,23,23,1,0,0,0
nuscenes,scene-0103_015,pitch,1.0,34688,2944,319,319,2,23,23,1,0,0,0
nuscenes,scene-0103_015,pitch,2.0,34688,2935,319,319,2,23,23,1,0,0,0
nuscenes,scene-0103_015,pitch,3.0,34688,2939,313,319,2,23,23,1,0,0,0
nuscenes,scene-0103_015,roll,0.0,34688,2935,319,319,2,23,23,1,0,0,0
nuscenes,scene-0103_015,roll,0.5,34688,2972,319,319,2,23,23,1,0,0,0
nuscenes,scene-0103_015,roll,1.0,34688,3074,319,319,2,23,23,1,0,0,0
nuscenes,scene-0103_015,roll,2.0,34688,3196,281,319,2,22,23,1,0,0,0
nuscenes,scene-0103_015,roll,3.0,34688,3308,262,319,2,7,23,1,0,0,0
nuscenes,scene-0103_015,tx,0.0,34688,2935,319,319,2,23,23,1,0,0,0
nuscenes,scene-0103_015,tx,0.02,34688,2939,317,319,2,23,23,1,0,0,0
nuscenes,scene-0103_015,tx,0.05,34688,2936,316,319,2,23,23,1,0,0,0
nuscenes,scene-0103_015,tx,0.1,34688,2925,311,319,2,23,23,1,0,0,0
nuscenes,scene-0103_015,ty,0.0,34688,2935,319,319,2,23,23,1,0,0,0
nuscenes,scene-0103_015,ty,0.02,34688,2944,319,319,2,23,23,1,0,0,0
nuscenes,scene-0103_015,ty,0.05,34688,2960,319,319,2,23,23,1,0,0,0
nuscenes,scene-0103_015,ty,0.1,34688,2993,319,319,2,23,23,1,0,0,0
nuscenes,scene-0103_015,tz,0.0,34688,2935,319,319,2,23,23,1,0,0,0
nuscenes,scene-0103_015,tz,0.02,34688,2953,319,319,2,23,23,1,0,0,0
nuscenes,scene-0103_015,tz,0.05,34688,2973,319,319,2,23,23,1,0,0,0
nuscenes,scene-0103_015,tz,0.1,34688,3077,319,319,2,23,23,1,0,0,0
nuscenes,scene-0103_016,yaw,0.0,34720,2951,306,308,2,0,0,0,0,0,0
nuscenes,scene-0103_016,yaw,0.5,34720,2942,307,308,2,0,0,0,0,0,0
nuscenes,scene-0103_016,yaw,1.0,34720,2940,306,308,2,0,0,0,0,0,0
nuscenes,scene-0103_016,yaw,2.0,34720,2938,294,308,2,0,0,0,0,0,0
nuscenes,scene-0103_016,yaw,3.0,34720,2935,279,308,2,0,0,0,0,0,0
nuscenes,scene-0103_016,pitch,0.0,34720,2951,306,308,2,0,0,0,0,0,0
nuscenes,scene-0103_016,pitch,0.5,34720,2954,308,308,2,0,0,0,0,0,0
nuscenes,scene-0103_016,pitch,1.0,34720,2959,308,308,2,0,0,0,0,0,0
nuscenes,scene-0103_016,pitch,2.0,34720,2956,308,308,2,0,0,0,0,0,0
nuscenes,scene-0103_016,pitch,3.0,34720,2958,300,308,2,0,0,0,0,0,0
nuscenes,scene-0103_016,roll,0.0,34720,2951,306,308,2,0,0,0,0,0,0
nuscenes,scene-0103_016,roll,0.5,34720,2988,308,308,2,0,0,0,0,0,0
nuscenes,scene-0103_016,roll,1.0,34720,3094,302,308,2,0,0,0,0,0,0
nuscenes,scene-0103_016,roll,2.0,34720,3216,273,308,2,0,0,0,0,0,0
nuscenes,scene-0103_016,roll,3.0,34720,3324,242,308,2,0,0,0,0,0,0
nuscenes,scene-0103_016,tx,0.0,34720,2951,306,308,2,0,0,0,0,0,0
nuscenes,scene-0103_016,tx,0.02,34720,2951,304,308,2,0,0,0,0,0,0
nuscenes,scene-0103_016,tx,0.05,34720,2952,303,308,2,0,0,0,0,0,0
nuscenes,scene-0103_016,tx,0.1,34720,2951,299,308,2,0,0,0,0,0,0
nuscenes,scene-0103_016,ty,0.0,34720,2951,306,308,2,0,0,0,0,0,0
nuscenes,scene-0103_016,ty,0.02,34720,2961,308,308,2,0,0,0,0,0,0
nuscenes,scene-0103_016,ty,0.05,34720,2977,308,308,2,0,0,0,0,0,0
nuscenes,scene-0103_016,ty,0.1,34720,2998,308,308,2,0,0,0,0,0,0
nuscenes,scene-0103_016,tz,0.0,34720,2951,306,308,2,0,0,0,0,0,0
nuscenes,scene-0103_016,tz,0.02,34720,2969,306,308,2,0,0,0,0,0,0
nuscenes,scene-0103_016,tz,0.05,34720,2986,307,308,2,0,0,0,0,0,0
nuscenes,scene-0103_016,tz,0.1,34720,3093,307,308,2,0,0,0,0,0,0
nuscenes,scene-0103_017,yaw,0.0,34720,2940,253,254,2,27,27,1,0,0,0
nuscenes,scene-0103_017,yaw,0.5,34720,2946,254,254,2,27,27,1,0,0,0
nuscenes,scene-0103_017,yaw,1.0,34720,2928,254,254,2,26,27,1,0,0,0
nuscenes,scene-0103_017,yaw,2.0,34720,2904,245,254,2,21,27,1,0,0,0
nuscenes,scene-0103_017,yaw,3.0,34720,2902,235,254,2,15,27,1,0,0,0
nuscenes,scene-0103_017,pitch,0.0,34720,2940,253,254,2,27,27,1,0,0,0
nuscenes,scene-0103_017,pitch,0.5,34720,2948,254,254,2,27,27,1,0,0,0
nuscenes,scene-0103_017,pitch,1.0,34720,2953,254,254,2,27,27,1,0,0,0
nuscenes,scene-0103_017,pitch,2.0,34720,2944,254,254,2,27,27,1,0,0,0
nuscenes,scene-0103_017,pitch,3.0,34720,2946,254,254,2,27,27,1,0,0,0
nuscenes,scene-0103_017,roll,0.0,34720,2940,253,254,2,27,27,1,0,0,0
nuscenes,scene-0103_017,roll,0.5,34720,2978,254,254,2,27,27,1,0,0,0
nuscenes,scene-0103_017,roll,1.0,34720,3081,230,254,2,27,27,1,0,0,0
nuscenes,scene-0103_017,roll,2.0,34720,3209,220,254,2,26,27,1,0,0,0
nuscenes,scene-0103_017,roll,3.0,34720,3309,194,254,2,13,27,1,0,0,0
nuscenes,scene-0103_017,tx,0.0,34720,2940,253,254,2,27,27,1,0,0,0
nuscenes,scene-0103_017,tx,0.02,34720,2941,251,254,2,27,27,1,0,0,0
nuscenes,scene-0103_017,tx,0.05,34720,2942,247,254,2,27,27,1,0,0,0
nuscenes,scene-0103_017,tx,0.1,34720,2940,242,254,2,27,27,1,0,0,0
nuscenes,scene-0103_017,ty,0.0,34720,2940,253,254,2,27,27,1,0,0,0
nuscenes,scene-0103_017,ty,0.02,34720,2950,254,254,2,27,27,1,0,0,0
nuscenes,scene-0103_017,ty,0.05,34720,2968,254,254,2,27,27,1,0,0,0
nuscenes,scene-0103_017,ty,0.1,34720,2995,254,254,2,27,27,1,0,0,0
nuscenes,scene-0103_017,tz,0.0,34720,2940,253,254,2,27,27,1,0,0,0
nuscenes,scene-0103_017,tz,0.02,34720,2957,253,254,2,27,27,1,0,0,0
nuscenes,scene-0103_017,tz,0.05,34720,2976,254,254,2,27,27,1,0,0,0
nuscenes,scene-0103_017,tz,0.1,34720,3082,254,254,2,27,27,1,0,0,0
nuscenes,scene-0103_018,yaw,0.0,34784,2938,245,245,2,70,70,2,0,0,0
nuscenes,scene-0103_018,yaw,0.5,34784,2925,245,245,2,70,70,2,0,0,0
nuscenes,scene-0103_018,yaw,1.0,34784,2933,245,245,2,68,70,2,0,0,0
nuscenes,scene-0103_018,yaw,2.0,34784,2924,233,245,2,60,70,2,0,0,0
nuscenes,scene-0103_018,yaw,3.0,34784,2898,215,245,2,50,70,2,0,0,0
nuscenes,scene-0103_018,pitch,0.0,34784,2938,245,245,2,70,70,2,0,0,0
nuscenes,scene-0103_018,pitch,0.5,34784,2939,245,245,2,70,70,2,0,0,0
nuscenes,scene-0103_018,pitch,1.0,34784,2942,245,245,2,70,70,2,0,0,0
nuscenes,scene-0103_018,pitch,2.0,34784,2940,245,245,2,70,70,2,0,0,0
nuscenes,scene-0103_018,pitch,3.0,34784,2942,245,245,2,69,70,2,0,0,0
nuscenes,scene-0103_018,roll,0.0,34784,2938,245,245,2,70,70,2,0,0,0
nuscenes,scene-0103_018,roll,0.5,34784,2972,245,245,2,70,70,2,0,0,0
nuscenes,scene-0103_018,roll,1.0,34784,3075,228,245,2,70,70,2,0,0,0
nuscenes,scene-0103_018,roll,2.0,34784,3201,213,245,2,67,70,2,0,0,0
nuscenes,scene-0103_018,roll,3.0,34784,3308,190,245,2,33,70,2,0,0,0
nuscenes,scene-0103_018,tx,0.0,34784,2938,245,245,2,70,70,2,0,0,0
nuscenes,scene-0103_018,tx,0.02,34784,2932,241,245,2,70,70,2,0,0,0
nuscenes,scene-0103_018,tx,0.05,34784,2935,239,245,2,70,70,2,0,0,0
nuscenes,scene-0103_018,tx,0.1,34784,2932,231,245,2,70,70,2,0,0,0
nuscenes,scene-0103_018,ty,0.0,34784,2938,245,245,2,70,70,2,0,0,0
nuscenes,scene-0103_018,ty,0.02,34784,2945,245,245,2,70,70,2,0,0,0
nuscenes,scene-0103_018,ty,0.05,34784,2958,245,245,2,70,70,2,0,0,0
nuscenes,scene-0103_018,ty,0.1,34784,2982,245,245,2,70,70,2,0,0,0
nuscenes,scene-0103_018,tz,0.0,34784,2938,245,245,2,70,70,2,0,0,0
nuscenes,scene-0103_018,tz,0.02,34784,2954,245,245,2,70,70,2,0,0,0
nuscenes,scene-0103_018,tz,0.05,34784,2974,245,245,2,70,70,2,0,0,0
nuscenes,scene-0103_018,tz,0.1,34784,3080,245,245,2,70,70,2,0,0,0
nuscenes,scene-0103_019,yaw,0.0,34784,2958,78,79,1,157,157,3,0,0,0
nuscenes,scene-0103_019,yaw,0.5,34784,2949,79,79,1,157,157,3,0,0,0
nuscenes,scene-0103_019,yaw,1.0,34784,2946,79,79,1,155,157,3,0,0,0
nuscenes,scene-0103_019,yaw,2.0,34784,2942,74,79,1,145,157,3,0,0,0
nuscenes,scene-0103_019,yaw,3.0,34784,2933,66,79,1,139,157,3,0,0,0
nuscenes,scene-0103_019,pitch,0.0,34784,2958,78,79,1,157,157,3,0,0,0
nuscenes,scene-0103_019,pitch,0.5,34784,2963,79,79,1,157,157,3,0,0,0
nuscenes,scene-0103_019,pitch,1.0,34784,2960,79,79,1,157,157,3,0,0,0
nuscenes,scene-0103_019,pitch,2.0,34784,2953,79,79,1,157,157,3,0,0,0
nuscenes,scene-0103_019,pitch,3.0,34784,2952,79,79,1,154,157,3,0,0,0
nuscenes,scene-0103_019,roll,0.0,34784,2958,78,79,1,157,157,3,0,0,0
nuscenes,scene-0103_019,roll,0.5,34784,2995,79,79,1,157,157,3,0,0,0
nuscenes,scene-0103_019,roll,1.0,34784,3099,79,79,1,136,157,3,0,0,0
nuscenes,scene-0103_019,roll,2.0,34784,3223,77,79,1,131,157,3,0,0,0
nuscenes,scene-0103_019,roll,3.0,34784,3329,76,79,1,86,157,3,0,0,0
nuscenes,scene-0103_019,tx,0.0,34784,2958,78,79,1,157,157,3,0,0,0
nuscenes,scene-0103_019,tx,0.02,34784,2952,75,79,1,157,157,3,0,0,0
nuscenes,scene-0103_019,tx,0.05,34784,2954,73,79,1,157,157,3,0,0,0
nuscenes,scene-0103_019,tx,0.1,34784,2949,69,79,1,157,157,3,0,0,0
nuscenes,scene-0103_019,ty,0.0,34784,2958,78,79,1,157,157,3,0,0,0
nuscenes,scene-0103_019,ty,0.02,34784,2969,79,79,1,157,157,3,0,0,0
nuscenes,scene-0103_019,ty,0.05,34784,2978,79,79,1,157,157,3,0,0,0
nuscenes,scene-0103_019,ty,0.1,34784,3006,79,79,1,157,157,3,0,0,0
nuscenes,scene-0103_019,tz,0.0,34784,2958,78,79,1,157,157,3,0,0,0
nuscenes,scene-0103_019,tz,0.02,34784,2974,78,79,1,157,157,3,0,0,0
nuscenes,scene-0103_019,tz,0.05,34784,2993,78,79,1,157,157,3,0,0,0
nuscenes,scene-0103_019,tz,0.1,34784,3100,79,79,1,157,157,3,0,0,0
nuscenes,scene-0103_020,yaw,0.0,34752,2990,54,54,1,161,161,3,10,10,1
nuscenes,scene-0103_020,yaw,0.5,34752,2982,54,54,1,161,161,3,9,10,1
nuscenes,scene-0103_020,yaw,1.0,34752,2973,54,54,1,160,161,3,7,10,1
nuscenes,scene-0103_020,yaw,2.0,34752,2965,49,54,1,149,161,3,4,10,1
nuscenes,scene-0103_020,yaw,3.0,34752,2960,40,54,1,137,161,3,0,10,1
nuscenes,scene-0103_020,pitch,0.0,34752,2990,54,54,1,161,161,3,10,10,1
nuscenes,scene-0103_020,pitch,0.5,34752,2999,54,54,1,161,161,3,10,10,1
nuscenes,scene-0103_020,pitch,1.0,34752,2998,54,54,1,161,161,3,10,10,1
nuscenes,scene-0103_020,pitch,2.0,34752,2991,54,54,1,158,161,3,2,10,1
nuscenes,scene-0103_020,pitch,3.0,34752,2992,54,54,1,148,161,3,2,10,1
nuscenes,scene-0103_020,roll,0.0,34752,2990,54,54,1,161,161,3,10,10,1
nuscenes,scene-0103_020,roll,0.5,34752,3029,54,54,1,161,161,3,10,10,1
nuscenes,scene-0103_020,roll,1.0,34752,3137,54,54,1,147,161,3,8,10,1
nuscenes,scene-0103_020,roll,2.0,34752,3262,54,54,1,138,161,3,8,10,1
nuscenes,scene-0103_020,roll,3.0,34752,3367,54,54,1,112,161,3,0,10,1
nuscenes,scene-0103_020,tx,0.0,34752,2990,54,54,1,161,161,3,10,10,1
nuscenes,scene-0103_020,tx,0.02,34752,2993,53,54,1,161,161,3,10,10,1
nuscenes,scene-0103_020,tx,0.05,34752,2993,49,54,1,161,161,3,10,10,1
nuscenes,scene-0103_020,tx,0.1,34752,2994,46,54,1,161,161,3,10,10,1
nuscenes,scene-0103_020,ty,0.0,34752,2990,54,54,1,161,161,3,10,10,1
nuscenes,scene-0103_020,ty,0.02,34752,3002,54,54,1,161,161,3,10,10,1
nuscenes,scene-0103_020,ty,0.05,34752,3014,54,54,1,161,161,3,10,10,1
nuscenes,scene-0103_020,ty,0.1,34752,3040,54,54,1,161,161,3,10,10,1
nuscenes,scene-0103_020,tz,0.0,34752,2990,54,54,1,161,161,3,10,10,1
nuscenes,scene-0103_020,tz,0.02,34752,3008,54,54,1,161,161,3,10,10,1
nuscenes,scene-0103_020,tz,0.05,34752,3028,54,54,1,161,161,3,10,10,1
nuscenes,scene-0103_020,tz,0.1,34752,3137,54,54,1,161,161,3,10,10,1
nuscenes,scene-0103_021,yaw,0.0,34752,2996,154,154,1,38,38,2,21,21,2
nuscenes,scene-0103_021,yaw,0.5,34752,2999,154,154,1,38,38,2,20,21,2
nuscenes,scene-0103_021,yaw,1.0,34752,2987,153,154,1,33,38,2,18,21,2
nuscenes,scene-0103_021,yaw,2.0,34752,2971,150,154,1,26,38,2,15,21,2
nuscenes,scene-0103_021,yaw,3.0,34752,2960,146,154,1,23,38,2,10,21,2
nuscenes,scene-0103_021,pitch,0.0,34752,2996,154,154,1,38,38,2,21,21,2
nuscenes,scene-0103_021,pitch,0.5,34752,3003,154,154,1,38,38,2,21,21,2
nuscenes,scene-0103_021,pitch,1.0,34752,3007,154,154,1,38,38,2,21,21,2
nuscenes,scene-0103_021,pitch,2.0,34752,2999,144,154,1,32,38,2,21,21,2
nuscenes,scene-0103_021,pitch,3.0,34752,2999,143,154,1,32,38,2,13,21,2
nuscenes,scene-0103_021,roll,0.0,34752,2996,154,154,1,38,38,2,21,21,2
nuscenes,scene-0103_021,roll,0.5,34752,3036,154,154,1,38,38,2,21,21,2
nuscenes,scene-0103_021,roll,1.0,34752,3140,143,154,1,32,38,2,17,21,2
nuscenes,scene-0103_021,roll,2.0,34752,3267,143,154,1,30,38,2,8,21,2
nuscenes,scene-0103_021,roll,3.0,34752,3373,124,154,1,27,38,2,0,21,2
nuscenes,scene-0103_021,tx,0.0,34752,2996,154,154,1,38,38,2,21,21,2
nuscenes,scene-0103_021,tx,0.02,34752,2997,154,154,1,38,38,2,21,21,2
nuscenes,scene-0103_021,tx,0.05,34752,2996,154,154,1,38,38,2,21,21,2
nuscenes,scene-0103_021,tx,0.1,34752,3001,154,154,1,38,38,2,21,21,2
nuscenes,scene-0103_021,ty,0.0,34752,2996,154,154,1,38,38,2,21,21,2
nuscenes,scene-0103_021,ty,0.02,34752,3008,154,154,1,38,38,2,21,21,2
nuscenes,scene-0103_021,ty,0.05,34752,3023,154,154,1,38,38,2,21,21,2
nuscenes,scene-0103_021,ty,0.1,34752,3043,154,154,1,38,38,2,21,21,2
nuscenes,scene-0103_021,tz,0.0,34752,2996,154,154,1,38,38,2,21,21,2
nuscenes,scene-0103_021,tz,0.02,34752,3013,154,154,1,38,38,2,21,21,2
nuscenes,scene-0103_021,tz,0.05,34752,3035,154,154,1,38,38,2,21,21,2
nuscenes,scene-0103_021,tz,0.1,34752,3141,154,154,1,38,38,2,21,21,2
nuscenes,scene-0103_022,yaw,0.0,34752,2943,163,163,1,0,0,0,26,26,2
nuscenes,scene-0103_022,yaw,0.5,34752,2935,159,163,1,0,0,0,26,26,2
nuscenes,scene-0103_022,yaw,1.0,34752,2927,156,163,1,0,0,0,23,26,2
nuscenes,scene-0103_022,yaw,2.0,34752,2928,148,163,1,0,0,0,18,26,2
nuscenes,scene-0103_022,yaw,3.0,34752,2942,139,163,1,0,0,0,11,26,2
nuscenes,scene-0103_022,pitch,0.0,34752,2943,163,163,1,0,0,0,26,26,2
nuscenes,scene-0103_022,pitch,0.5,34752,2950,163,163,1,0,0,0,26,26,2
nuscenes,scene-0103_022,pitch,1.0,34752,2950,162,163,1,0,0,0,26,26,2
nuscenes,scene-0103_022,pitch,2.0,34752,2946,162,163,1,0,0,0,26,26,2
nuscenes,scene-0103_022,pitch,3.0,34752,2949,162,163,1,0,0,0,19,26,2
nuscenes,scene-0103_022,roll,0.0,34752,2943,163,163,1,0,0,0,26,26,2
nuscenes,scene-0103_022,roll,0.5,34752,2982,163,163,1,0,0,0,25,26,2
nuscenes,scene-0103_022,roll,1.0,34752,3088,163,163,1,0,0,0,23,26,2
nuscenes,scene-0103_022,roll,2.0,34752,3219,153,163,1,0,0,0,13,26,2
nuscenes,scene-0103_022,roll,3.0,34752,3323,153,163,1,0,0,0,5,26,2
nuscenes,scene-0103_022,tx,0.0,34752,2943,163,163,1,0,0,0,26,26,2
nuscenes,scene-0103_022,tx,0.02,34752,2943,163,163,1,0,0,0,26,26,2
nuscenes,scene-0103_022,tx,0.05,34752,2944,163,163,1,0,0,0,26,26,2
nuscenes,scene-0103_022,tx,0.1,34752,2944,163,163,1,0,0,0,26,26,2
nuscenes,scene-0103_022,ty,0.0,34752,2943,163,163,1,0,0,0,26,26,2
nuscenes,scene-0103_022,ty,0.02,34752,2955,163,163,1,0,0,0,26,26,2
nuscenes,scene-0103_022,ty,0.05,34752,2964,163,163,1,0,0,0,26,26,2
nuscenes,scene-0103_022,ty,0.1,34752,2989,163,163,1,0,0,0,26,26,2
nuscenes,scene-0103_022,tz,0.0,34752,2943,163,163,1,0,0,0,26,26,2
nuscenes,scene-0103_022,tz,0.02,34752,2958,163,163,1,0,0,0,26,26,2
nuscenes,scene-0103_022,tz,0.05,34752,2978,163,163,1,0,0,0,26,26,2
nuscenes,scene-0103_022,tz,0.1,34752,3086,163,163,1,0,0,0,26,26,2
nuscenes,scene-0103_023,yaw,0.0,34720,2992,181,181,1,10,10,1,22,22,2
nuscenes,scene-0103_023,yaw,0.5,34720,2985,171,181,1,10,10,1,22,22,2
nuscenes,scene-0103_023,yaw,1.0,34720,2988,164,181,1,9,10,1,18,22,2
nuscenes,scene-0103_023,yaw,2.0,34720,2987,145,181,1,5,10,1,15,22,2
nuscenes,scene-0103_023,yaw,3.0,34720,2979,127,181,1,5,10,1,12,22,2
nuscenes,scene-0103_023,pitch,0.0,34720,2992,181,181,1,10,10,1,22,22,2
nuscenes,scene-0103_023,pitch,0.5,34720,2995,180,181,1,10,10,1,22,22,2
nuscenes,scene-0103_023,pitch,1.0,34720,2995,179,181,1,10,10,1,22,22,2
nuscenes,scene-0103_023,pitch,2.0,34720,2990,170,181,1,10,10,1,21,22,2
nuscenes,scene-0103_023,pitch,3.0,34720,2991,153,181,1,10,10,1,21,22,2
nuscenes,scene-0103_023,roll,0.0,34720,2992,181,181,1,10,10,1,22,22,2
nuscenes,scene-0103_023,roll,0.5,34720,3026,181,181,1,10,10,1,21,22,2
nuscenes,scene-0103_023,roll,1.0,34720,3128,181,181,1,10,10,1,20,22,2
nuscenes,scene-0103_023,roll,2.0,34720,3254,157,181,1,10,10,1,11,22,2
nuscenes,scene-0103_023,roll,3.0,34720,3361,132,181,1,7,10,1,0,22,2
nuscenes,scene-0103_023,tx,0.0,34720,2992,181,181,1,10,10,1,22,22,2
nuscenes,scene-0103_023,tx,0.02,34720,2990,181,181,1,10,10,1,22,22,2
nuscenes,scene-0103_023,tx,0.05,34720,2993,181,181,1,10,10,1,22,22,2
nuscenes,scene-0103_023,tx,0.1,34720,2990,181,181,1,10,10,1,22,22,2
nuscenes,scene-0103_023,ty,0.0,34720,2992,181,181,1,10,10,1,22,22,2
nuscenes,scene-0103_023,ty,0.02,34720,3000,181,181,1,10,10,1,22,22,2
nuscenes,scene-0103_023,ty,0.05,34720,3015,181,181,1,10,10,1,22,22,2
nuscenes,scene-0103_023,ty,0.1,34720,3037,181,181,1,10,10,1,22,22,2
nuscenes,scene-0103_023,tz,0.0,34720,2992,181,181,1,10,10,1,22,22,2
nuscenes,scene-0103_023,tz,0.02,34720,3008,181,181,1,10,10,1,22,22,2
nuscenes,scene-0103_023,tz,0.05,34720,3029,181,181,1,10,10,1,22,22,2
nuscenes,scene-0103_023,tz,0.1,34720,3134,181,181,1,10,10,1,22,22,2
nuscenes,scene-0103_024,yaw,0.0,34688,2952,110,110,1,28,28,2,39,39,3
nuscenes,scene-0103_024,yaw,0.5,34688,2950,100,110,1,26,28,2,39,39,3
nuscenes,scene-0103_024,yaw,1.0,34688,2952,92,110,1,25,28,2,38,39,3
nuscenes,scene-0103_024,yaw,2.0,34688,2958,77,110,1,22,28,2,30,39,3
nuscenes,scene-0103_024,yaw,3.0,34688,2956,62,110,1,19,28,2,22,39,3
nuscenes,scene-0103_024,pitch,0.0,34688,2952,110,110,1,28,28,2,39,39,3
nuscenes,scene-0103_024,pitch,0.5,34688,2958,109,110,1,28,28,2,39,39,3
nuscenes,scene-0103_024,pitch,1.0,34688,2961,108,110,1,28,28,2,37,39,3
nuscenes,scene-0103_024,pitch,2.0,34688,2957,105,110,1,22,28,2,37,39,3
nuscenes,scene-0103_024,pitch,3.0,34688,2954,105,110,1,20,28,2,37,39,3
nuscenes,scene-0103_024,roll,0.0,34688,2952,110,110,1,28,28,2,39,39,3
nuscenes,scene-0103_024,roll,0.5,34688,2989,110,110,1,28,28,2,37,39,3
nuscenes,scene-0103_024,roll,1.0,34688,3092,110,110,1,28,28,2,31,39,3
nuscenes,scene-0103_024,roll,2.0,34688,3220,110,110,1,20,28,2,23,39,3
nuscenes,scene-0103_024,roll,3.0,34688,3326,101,110,1,18,28,2,2,39,3
nuscenes,scene-0103_024,tx,0.0,34688,2952,110,110,1,28,28,2,39,39,3
nuscenes,scene-0103_024,tx,0.02,34688,2950,110,110,1,28,28,2,39,39,3
nuscenes,scene-0103_024,tx,0.05,34688,2959,110,110,1,28,28,2,38,39,3
nuscenes,scene-0103_024,tx,0.1,34688,2956,110,110,1,28,28,2,38,39,3
nuscenes,scene-0103_024,ty,0.0,34688,2952,110,110,1,28,28,2,39,39,3
nuscenes,scene-0103_024,ty,0.02,34688,2961,110,110,1,28,28,2,39,39,3
nuscenes,scene-0103_024,ty,0.05,34688,2975,110,110,1,28,28,2,39,39,3
nuscenes,scene-0103_024,ty,0.1,34688,3001,110,110,1,28,28,2,39,39,3
nuscenes,scene-0103_024,tz,0.0,34688,2952,110,110,1,28,28,2,39,39,3
nuscenes,scene-0103_024,tz,0.02,34688,2969,110,110,1,28,28,2,39,39,3
nuscenes,scene-0103_024,tz,0.05,34688,2988,110,110,1,28,28,2,39,39,3
nuscenes,scene-0103_024,tz,0.1,34688,3093,110,110,1,28,28,2,39,39,3
nuscenes,scene-0103_025,yaw,0.0,34688,2941,13,13,1,45,45,2,27,27,2
nuscenes,scene-0103_025,yaw,0.5,34688,2956,11,13,1,45,45,2,27,27,2
nuscenes,scene-0103_025,yaw,1.0,34688,2954,6,13,1,42,45,2,26,27,2
nuscenes,scene-0103_025,yaw,2.0,34688,2945,0,13,1,32,45,2,24,27,2
nuscenes,scene-0103_025,yaw,3.0,34688,2945,0,13,1,25,45,2,19,27,2
nuscenes,scene-0103_025,pitch,0.0,34688,2941,13,13,1,45,45,2,27,27,2
nuscenes,scene-0103_025,pitch,0.5,34688,2946,13,13,1,45,45,2,27,27,2
nuscenes,scene-0103_025,pitch,1.0,34688,2948,13,13,1,45,45,2,27,27,2
nuscenes,scene-0103_025,pitch,2.0,34688,2944,10,13,1,45,45,2,27,27,2
nuscenes,scene-0103_025,pitch,3.0,34688,2951,10,13,1,45,45,2,27,27,2
nuscenes,scene-0103_025,roll,0.0,34688,2941,13,13,1,45,45,2,27,27,2
nuscenes,scene-0103_025,roll,0.5,34688,2979,13,13,1,45,45,2,27,27,2
nuscenes,scene-0103_025,roll,1.0,34688,3083,10,13,1,41,45,2,23,27,2
nuscenes,scene-0103_025,roll,2.0,34688,3206,10,13,1,41,45,2,17,27,2
nuscenes,scene-0103_025,roll,3.0,34688,3315,7,13,1,30,45,2,7,27,2
nuscenes,scene-0103_025,tx,0.0,34688,2941,13,13,1,45,45,2,27,27,2
nuscenes,scene-0103_025,tx,0.02,34688,2943,13,13,1,45,45,2,27,27,2
nuscenes,scene-0103_025,tx,0.05,34688,2940,13,13,1,45,45,2,27,27,2
nuscenes,scene-0103_025,tx,0.1,34688,2939,13,13,1,45,45,2,27,27,2
nuscenes,scene-0103_025,ty,0.0,34688,2941,13,13,1,45,45,2,27,27,2
nuscenes,scene-0103_025,ty,0.02,34688,2952,13,13,1,45,45,2,27,27,2
nuscenes,scene-0103_025,ty,0.05,34688,2965,13,13,1,45,45,2,27,27,2
nuscenes,scene-0103_025,ty,0.1,34688,2989,13,13,1,45,45,2,27,27,2
nuscenes,scene-0103_025,tz,0.0,34688,2941,13,13,1,45,45,2,27,27,2
nuscenes,scene-0103_025,tz,0.02,34688,2958,13,13,1,45,45,2,27,27,2
nuscenes,scene-0103_025,tz,0.05,34688,2977,13,13,1,45,45,2,27,27,2
nuscenes,scene-0103_025,tz,0.1,34688,3083,13,13,1,45,45,2,27,27,2
nuscenes,scene-0103_026,yaw,0.0,34688,2882,0,0,0,80,80,3,15,15,1
nuscenes,scene-0103_026,yaw,0.5,34688,2888,0,0,0,78,80,3,15,15,1
nuscenes,scene-0103_026,yaw,1.0,34688,2887,0,0,0,75,80,3,15,15,1
nuscenes,scene-0103_026,yaw,2.0,34688,2886,0,0,0,60,80,3,14,15,1
nuscenes,scene-0103_026,yaw,3.0,34688,2882,0,0,0,47,80,3,9,15,1
nuscenes,scene-0103_026,pitch,0.0,34688,2882,0,0,0,80,80,3,15,15,1
nuscenes,scene-0103_026,pitch,0.5,34688,2889,0,0,0,80,80,3,15,15,1
nuscenes,scene-0103_026,pitch,1.0,34688,2894,0,0,0,80,80,3,15,15,1
nuscenes,scene-0103_026,pitch,2.0,34688,2887,0,0,0,69,80,3,15,15,1
nuscenes,scene-0103_026,pitch,3.0,34688,2886,0,0,0,68,80,3,15,15,1
nuscenes,scene-0103_026,roll,0.0,34688,2882,0,0,0,80,80,3,15,15,1
nuscenes,scene-0103_026,roll,0.5,34688,2922,0,0,0,80,80,3,15,15,1
nuscenes,scene-0103_026,roll,1.0,34688,3023,0,0,0,78,80,3,13,15,1
nuscenes,scene-0103_026,roll,2.0,34688,3139,0,0,0,74,80,3,6,15,1
nuscenes,scene-0103_026,roll,3.0,34688,3253,0,0,0,53,80,3,6,15,1
nuscenes,scene-0103_026,tx,0.0,34688,2882,0,0,0,80,80,3,15,15,1
nuscenes,scene-0103_026,tx,0.02,34688,2880,0,0,0,80,80,3,15,15,1
nuscenes,scene-0103_026,tx,0.05,34688,2879,0,0,0,80,80,3,15,15,1
nuscenes,scene-0103_026,tx,0.1,34688,2883,0,0,0,80,80,3,15,15,1
nuscenes,scene-0103_026,ty,0.0,34688,2882,0,0,0,80,80,3,15,15,1
nuscenes,scene-0103_026,ty,0.02,34688,2894,0,0,0,80,80,3,15,15,1
nuscenes,scene-0103_026,ty,0.05,34688,2908,0,0,0,80,80,3,15,15,1
nuscenes,scene-0103_026,ty,0.1,34688,2926,0,0,0,80,80,3,15,15,1
nuscenes,scene-0103_026,tz,0.0,34688,2882,0,0,0,80,80,3,15,15,1
nuscenes,scene-0103_026,tz,0.02,34688,2900,0,0,0,80,80,3,15,15,1
nuscenes,scene-0103_026,tz,0.05,34688,2920,0,0,0,80,80,3,15,15,1
nuscenes,scene-0103_026,tz,0.1,34688,3024,0,0,0,80,80,3,15,15,1
nuscenes,scene-0103_027,yaw,0.0,34752,2840,0,0,0,91,91,3,19,19,1
nuscenes,scene-0103_027,yaw,0.5,34752,2830,0,0,0,91,91,3,19,19,1
nuscenes,scene-0103_027,yaw,1.0,34752,2839,0,0,0,88,91,3,19,19,1
nuscenes,scene-0103_027,yaw,2.0,34752,2863,0,0,0,78,91,3,18,19,1
nuscenes,scene-0103_027,yaw,3.0,34752,2873,0,0,0,68,91,3,12,19,1
nuscenes,scene-0103_027,pitch,0.0,34752,2840,0,0,0,91,91,3,19,19,1
nuscenes,scene-0103_027,pitch,0.5,34752,2843,0,0,0,91,91,3,19,19,1
nuscenes,scene-0103_027,pitch,1.0,34752,2845,0,0,0,91,91,3,19,19,1
nuscenes,scene-0103_027,pitch,2.0,34752,2841,0,0,0,91,91,3,19,19,1
nuscenes,scene-0103_027,pitch,3.0,34752,2848,0,0,0,85,91,3,19,19,1
nuscenes,scene-0103_027,roll,0.0,34752,2840,0,0,0,91,91,3,19,19,1
nuscenes,scene-0103_027,roll,0.5,34752,2876,0,0,0,91,91,3,19,19,1
nuscenes,scene-0103_027,roll,1.0,34752,2977,0,0,0,89,91,3,19,19,1
nuscenes,scene-0103_027,roll,2.0,34752,3097,0,0,0,76,91,3,10,19,1
nuscenes,scene-0103_027,roll,3.0,34752,3208,0,0,0,57,91,3,10,19,1
nuscenes,scene-0103_027,tx,0.0,34752,2840,0,0,0,91,91,3,19,19,1
nuscenes,scene-0103_027,tx,0.02,34752,2839,0,0,0,91,91,3,19,19,1
nuscenes,scene-0103_027,tx,0.05,34752,2839,0,0,0,91,91,3,19,19,1
nuscenes,scene-0103_027,tx,0.1,34752,2838,0,0,0,91,91,3,19,19,1
nuscenes,scene-0103_027,ty,0.0,34752,2840,0,0,0,91,91,3,19,19,1
nuscenes,scene-0103_027,ty,0.02,34752,2847,0,0,0,91,91,3,19,19,1
nuscenes,scene-0103_027,ty,0.05,34752,2858,0,0,0,91,91,3,19,19,1
nuscenes,scene-0103_027,ty,0.1,34752,2880,0,0,0,91,91,3,19,19,1
nuscenes,scene-0103_027,tz,0.0,34752,2840,0,0,0,91,91,3,19,19,1
nuscenes,scene-0103_027,tz,0.02,34752,2854,0,0,0,91,91,3,19,19,1
nuscenes,scene-0103_027,tz,0.05,34752,2874,0,0,0,91,91,3,19,19,1
nuscenes,scene-0103_027,tz,0.1,34752,2979,0,0,0,91,91,3,19,19,1
nuscenes,scene-0103_028,yaw,0.0,34720,2791,0,0,0,102,102,3,23,23,1
nuscenes,scene-0103_028,yaw,0.5,34720,2796,0,0,0,101,102,3,23,23,1
nuscenes,scene-0103_028,yaw,1.0,34720,2802,0,0,0,98,102,3,22,23,1
nuscenes,scene-0103_028,yaw,2.0,34720,2807,0,0,0,91,102,3,19,23,1
nuscenes,scene-0103_028,yaw,3.0,34720,2819,0,0,0,76,102,3,15,23,1
nuscenes,scene-0103_028,pitch,0.0,34720,2791,0,0,0,102,102,3,23,23,1
nuscenes,scene-0103_028,pitch,0.5,34720,2793,0,0,0,102,102,3,23,23,1
nuscenes,scene-0103_028,pitch,1.0,34720,2797,0,0,0,102,102,3,23,23,1
nuscenes,scene-0103_028,pitch,2.0,34720,2795,0,0,0,100,102,3,23,23,1
nuscenes,scene-0103_028,pitch,3.0,34720,2793,0,0,0,89,102,3,23,23,1
nuscenes,scene-0103_028,roll,0.0,34720,2791,0,0,0,102,102,3,23,23,1
nuscenes,scene-0103_028,roll,0.5,34720,2827,0,0,0,100,102,3,23,23,1
nuscenes,scene-0103_028,roll,1.0,34720,2926,0,0,0,94,102,3,23,23,1
nuscenes,scene-0103_028,roll,2.0,34720,3037,0,0,0,84,102,3,11,23,1
nuscenes,scene-0103_028,roll,3.0,34720,3153,0,0,0,69,102,3,4,23,1
nuscenes,scene-0103_028,tx,0.0,34720,2791,0,0,0,102,102,3,23,23,1
nuscenes,scene-0103_028,tx,0.02,34720,2792,0,0,0,102,102,3,23,23,1
nuscenes,scene-0103_028,tx,0.05,34720,2787,0,0,0,102,102,3,23,23,1
nuscenes,scene-0103_028,tx,0.1,34720,2783,0,0,0,102,102,3,23,23,1
nuscenes,scene-0103_028,ty,0.0,34720,2791,0,0,0,102,102,3,23,23,1
nuscenes,scene-0103_028,ty,0.02,34720,2799,0,0,0,102,102,3,23,23,1
nuscenes,scene-0103_028,ty,0.05,34720,2812,0,0,0,102,102,3,23,23,1
nuscenes,scene-0103_028,ty,0.1,34720,2836,0,0,0,102,102,3,23,23,1
nuscenes,scene-0103_028,tz,0.0,34720,2791,0,0,0,102,102,3,23,23,1
nuscenes,scene-0103_028,tz,0.02,34720,2807,0,0,0,102,102,3,23,23,1
nuscenes,scene-0103_028,tz,0.05,34720,2826,0,0,0,102,102,3,23,23,1
nuscenes,scene-0103_028,tz,0.1,34720,2929,0,0,0,102,102,3,23,23,1
nuscenes,scene-0103_029,yaw,0.0,34720,2785,0,0,0,132,132,3,26,26,1
nuscenes,scene-0103_029,yaw,0.5,34720,2793,0,0,0,129,132,3,26,26,1
nuscenes,scene-0103_029,yaw,1.0,34720,2799,0,0,0,122,132,3,26,26,1
nuscenes,scene-0103_029,yaw,2.0,34720,2805,0,0,0,108,132,3,23,26,1
nuscenes,scene-0103_029,yaw,3.0,34720,2814,0,0,0,88,132,3,20,26,1
nuscenes,scene-0103_029,pitch,0.0,34720,2785,0,0,0,132,132,3,26,26,1
nuscenes,scene-0103_029,pitch,0.5,34720,2791,0,0,0,132,132,3,26,26,1
nuscenes,scene-0103_029,pitch,1.0,34720,2793,0,0,0,131,132,3,26,26,1
nuscenes,scene-0103_029,pitch,2.0,34720,2789,0,0,0,128,132,3,26,26,1
nuscenes,scene-0103_029,pitch,3.0,34720,2789,0,0,0,125,132,3,26,26,1
nuscenes,scene-0103_029,roll,0.0,34720,2785,0,0,0,132,132,3,26,26,1
nuscenes,scene-0103_029,roll,0.5,34720,2822,0,0,0,131,132,3,26,26,1
nuscenes,scene-0103_029,roll,1.0,34720,2921,0,0,0,127,132,3,26,26,1
nuscenes,scene-0103_029,roll,2.0,34720,3039,0,0,0,120,132,3,13,26,1
nuscenes,scene-0103_029,roll,3.0,34720,3155,0,0,0,92,132,3,13,26,1
nuscenes,scene-0103_029,tx,0.0,34720,2785,0,0,0,132,132,3,26,26,1
nuscenes,scene-0103_029,tx,0.02,34720,2786,0,0,0,132,132,3,26,26,1
nuscenes,scene-0103_029,tx,0.05,34720,2784,0,0,0,132,132,3,26,26,1
nuscenes,scene-0103_029,tx,0.1,34720,2780,0,0,0,132,132,3,26,26,1
nuscenes,scene-0103_029,ty,0.0,34720,2785,0,0,0,132,132,3,26,26,1
nuscenes,scene-0103_029,ty,0.02,34720,2793,0,0,0,132,132,3,26,26,1
nuscenes,scene-0103_029,ty,0.05,34720,2810,0,0,0,132,132,3,26,26,1
nuscenes,scene-0103_029,ty,0.1,34720,2830,0,0,0,132,132,3,26,26,1
nuscenes,scene-0103_029,tz,0.0,34720,2785,0,0,0,132,132,3,26,26,1
nuscenes,scene-0103_029,tz,0.02,34720,2801,0,0,0,132,132,3,26,26,1
nuscenes,scene-0103_029,tz,0.05,34720,2822,0,0,0,132,132,3,26,26,1
nuscenes,scene-0103_029,tz,0.1,34720,2924,0,0,0,131,132,3,26,26,1
nuscenes,scene-0103_030,yaw,0.0,34688,2826,0,0,0,175,175,4,43,43,1
nuscenes,scene-0103_030,yaw,0.5,34688,2826,0,0,0,169,175,4,43,43,1
nuscenes,scene-0103_030,yaw,1.0,34688,2833,0,0,0,161,175,4,43,43,1
nuscenes,scene-0103_030,yaw,2.0,34688,2838,0,0,0,144,175,4,40,43,1
nuscenes,scene-0103_030,yaw,3.0,34688,2841,0,0,0,123,175,4,37,43,1
nuscenes,scene-0103_030,pitch,0.0,34688,2826,0,0,0,175,175,4,43,43,1
nuscenes,scene-0103_030,pitch,0.5,34688,2830,0,0,0,175,175,4,43,43,1
nuscenes,scene-0103_030,pitch,1.0,34688,2832,0,0,0,174,175,4,43,43,1
nuscenes,scene-0103_030,pitch,2.0,34688,2825,0,0,0,173,175,4,43,43,1
nuscenes,scene-0103_030,pitch,3.0,34688,2827,0,0,0,173,175,4,43,43,1
nuscenes,scene-0103_030,roll,0.0,34688,2826,0,0,0,175,175,4,43,43,1
nuscenes,scene-0103_030,roll,0.5,34688,2862,0,0,0,173,175,4,43,43,1
nuscenes,scene-0103_030,roll,1.0,34688,2960,0,0,0,152,175,4,36,43,1
nuscenes,scene-0103_030,roll,2.0,34688,3070,0,0,0,137,175,4,36,43,1
nuscenes,scene-0103_030,roll,3.0,34688,3189,0,0,0,110,175,4,18,43,1
nuscenes,scene-0103_030,tx,0.0,34688,2826,0,0,0,175,175,4,43,43,1
nuscenes,scene-0103_030,tx,0.02,34688,2821,0,0,0,175,175,4,43,43,1
nuscenes,scene-0103_030,tx,0.05,34688,2823,0,0,0,175,175,4,43,43,1
nuscenes,scene-0103_030,tx,0.1,34688,2816,0,0,0,175,175,4,43,43,1
nuscenes,scene-0103_030,ty,0.0,34688,2826,0,0,0,175,175,4,43,43,1
nuscenes,scene-0103_030,ty,0.02,34688,2833,0,0,0,175,175,4,43,43,1
nuscenes,scene-0103_030,ty,0.05,34688,2843,0,0,0,175,175,4,43,43,1
nuscenes,scene-0103_030,ty,0.1,34688,2869,0,0,0,175,175,4,43,43,1
nuscenes,scene-0103_030,tz,0.0,34688,2826,0,0,0,175,175,4,43,43,1
nuscenes,scene-0103_030,tz,0.02,34688,2843,0,0,0,175,175,4,43,43,1
nuscenes,scene-0103_030,tz,0.05,34688,2863,0,0,0,175,175,4,43,43,1
nuscenes,scene-0103_030,tz,0.1,34688,2965,0,0,0,175,175,4,43,43,1
nuscenes,scene-0103_031,yaw,0.0,34688,2820,164,164,2,127,127,4,0,0,0
nuscenes,scene-0103_031,yaw,0.5,34688,2829,162,164,2,127,127,4,0,0,0
nuscenes,scene-0103_031,yaw,1.0,34688,2832,159,164,2,124,127,4,0,0,0
nuscenes,scene-0103_031,yaw,2.0,34688,2833,149,164,2,109,127,4,0,0,0
nuscenes,scene-0103_031,yaw,3.0,34688,2837,134,164,2,86,127,4,0,0,0
nuscenes,scene-0103_031,pitch,0.0,34688,2820,164,164,2,127,127,4,0,0,0
nuscenes,scene-0103_031,pitch,0.5,34688,2828,164,164,2,127,127,4,0,0,0
nuscenes,scene-0103_031,pitch,1.0,34688,2828,164,164,2,127,127,4,0,0,0
nuscenes,scene-0103_031,pitch,2.0,34688,2825,164,164,2,127,127,4,0,0,0
nuscenes,scene-0103_031,pitch,3.0,34688,2825,149,164,2,124,127,4,0,0,0
nuscenes,scene-0103_031,roll,0.0,34688,2820,164,164,2,127,127,4,0,0,0
nuscenes,scene-0103_031,roll,0.5,34688,2859,153,164,2,127,127,4,0,0,0
nuscenes,scene-0103_031,roll,1.0,34688,2957,150,164,2,120,127,4,0,0,0
nuscenes,scene-0103_031,roll,2.0,34688,3058,139,164,2,104,127,4,0,0,0
nuscenes,scene-0103_031,roll,3.0,34688,3185,132,164,2,80,127,4,0,0,0
nuscenes,scene-0103_031,tx,0.0,34688,2820,164,164,2,127,127,4,0,0,0
nuscenes,scene-0103_031,tx,0.02,34688,2821,162,164,2,127,127,4,0,0,0
nuscenes,scene-0103_031,tx,0.05,34688,2818,160,164,2,127,127,4,0,0,0
nuscenes,scene-0103_031,tx,0.1,34688,2818,158,164,2,127,127,4,0,0,0
nuscenes,scene-0103_031,ty,0.0,34688,2820,164,164,2,127,127,4,0,0,0
nuscenes,scene-0103_031,ty,0.02,34688,2832,164,164,2,127,127,4,0,0,0
nuscenes,scene-0103_031,ty,0.05,34688,2845,164,164,2,127,127,4,0,0,0
nuscenes,scene-0103_031,ty,0.1,34688,2869,164,164,2,127,127,4,0,0,0
nuscenes,scene-0103_031,tz,0.0,34688,2820,164,164,2,127,127,4,0,0,0
nuscenes,scene-0103_031,tz,0.02,34688,2837,164,164,2,127,127,4,0,0,0
nuscenes,scene-0103_031,tz,0.05,34688,2858,164,164,2,127,127,4,0,0,0
nuscenes,scene-0103_031,tz,0.1,34688,2957,153,164,2,127,127,4,0,0,0
nuscenes,scene-0103_032,yaw,0.0,34752,2837,176,176,3,133,133,4,10,10,1
nuscenes,scene-0103_032,yaw,0.5,34752,2839,174,176,3,132,133,4,10,10,1
nuscenes,scene-0103_032,yaw,1.0,34752,2831,168,176,3,128,133,4,10,10,1
nuscenes,scene-0103_032,yaw,2.0,34752,2823,150,176,3,112,133,4,10,10,1
nuscenes,scene-0103_032,yaw,3.0,34752,2821,133,176,3,86,133,4,8,10,1
nuscenes,scene-0103_032,pitch,0.0,34752,2837,176,176,3,133,133,4,10,10,1
nuscenes,scene-0103_032,pitch,0.5,34752,2847,176,176,3,133,133,4,10,10,1
nuscenes,scene-0103_032,pitch,1.0,34752,2848,176,176,3,133,133,4,10,10,1
nuscenes,scene-0103_032,pitch,2.0,34752,2843,163,176,3,133,133,4,10,10,1
nuscenes,scene-0103_032,pitch,3.0,34752,2844,160,176,3,129,133,4,10,10,1
nuscenes,scene-0103_032,roll,0.0,34752,2837,176,176,3,133,133,4,10,10,1
nuscenes,scene-0103_032,roll,0.5,34752,2881,176,176,3,132,133,4,10,10,1
nuscenes,scene-0103_032,roll,1.0,34752,2981,176,176,3,123,133,4,10,10,1
nuscenes,scene-0103_032,roll,2.0,34752,3080,163,176,3,107,133,4,2,10,1
nuscenes,scene-0103_032,roll,3.0,34752,3205,156,176,3,77,133,4,2,10,1
nuscenes,scene-0103_032,tx,0.0,34752,2837,176,176,3,133,133,4,10,10,1
nuscenes,scene-0103_032,tx,0.02,34752,2842,176,176,3,133,133,4,10,10,1
nuscenes,scene-0103_032,tx,0.05,34752,2840,174,176,3,133,133,4,10,10,1
nuscenes,scene-0103_032,tx,0.1,34752,2840,173,176,3,133,133,4,10,10,1
nuscenes,scene-0103_032,ty,0.0,34752,2837,176,176,3,133,133,4,10,10,1
nuscenes,scene-0103_032,ty,0.02,34752,2854,176,176,3,133,133,4,10,10,1
nuscenes,scene-0103_032,ty,0.05,34752,2866,176,176,3,133,133,4,10,10,1
nuscenes,scene-0103_032,ty,0.1,34752,2885,176,176,3,133,133,4,10,10,1
nuscenes,scene-0103_032,tz,0.0,34752,2837,176,176,3,133,133,4,10,10,1
nuscenes,scene-0103_032,tz,0.02,34752,2855,176,176,3,133,133,4,10,10,1
nuscenes,scene-0103_032,tz,0.05,34752,2877,176,176,3,133,133,4,10,10,1
nuscenes,scene-0103_032,tz,0.1,34752,2977,176,176,3,133,133,4,10,10,1
nuscenes,scene-0103_033,yaw,0.0,34784,2853,126,126,2,236,236,4,0,0,0
nuscenes,scene-0103_033,yaw,0.5,34784,2846,121,126,2,236,236,4,0,0,0
nuscenes,scene-0103_033,yaw,1.0,34784,2850,115,126,2,233,236,4,0,0,0
nuscenes,scene-0103_033,yaw,2.0,34784,2844,97,126,2,224,236,4,0,0,0
nuscenes,scene-0103_033,yaw,3.0,34784,2840,82,126,2,199,236,4,0,0,0
nuscenes,scene-0103_033,pitch,0.0,34784,2853,126,126,2,236,236,4,0,0,0
nuscenes,scene-0103_033,pitch,0.5,34784,2858,126,126,2,236,236,4,0,0,0
nuscenes,scene-0103_033,pitch,1.0,34784,2857,125,126,2,234,236,4,0,0,0
nuscenes,scene-0103_033,pitch,2.0,34784,2850,125,126,2,228,236,4,0,0,0
nuscenes,scene-0103_033,pitch,3.0,34784,2854,122,126,2,220,236,4,0,0,0
nuscenes,scene-0103_033,roll,0.0,34784,2853,126,126,2,236,236,4,0,0,0
nuscenes,scene-0103_033,roll,0.5,34784,2890,126,126,2,236,236,4,0,0,0
nuscenes,scene-0103_033,roll,1.0,34784,2987,126,126,2,225,236,4,0,0,0
nuscenes,scene-0103_033,roll,2.0,34784,3095,123,126,2,192,236,4,0,0,0
nuscenes,scene-0103_033,roll,3.0,34784,3212,122,126,2,154,236,4,0,0,0
nuscenes,scene-0103_033,tx,0.0,34784,2853,126,126,2,236,236,4,0,0,0
nuscenes,scene-0103_033,tx,0.02,34784,2853,124,126,2,236,236,4,0,0,0
nuscenes,scene-0103_033,tx,0.05,34784,2855,123,126,2,236,236,4,0,0,0
nuscenes,scene-0103_033,tx,0.1,34784,2849,121,126,2,236,236,4,0,0,0
nuscenes,scene-0103_033,ty,0.0,34784,2853,126,126,2,236,236,4,0,0,0
nuscenes,scene-0103_033,ty,0.02,34784,2861,126,126,2,236,236,4,0,0,0
nuscenes,scene-0103_033,ty,0.05,34784,2872,126,126,2,236,236,4,0,0,0
nuscenes,scene-0103_033,ty,0.1,34784,2902,126,126,2,236,236,4,0,0,0
nuscenes,scene-0103_033,tz,0.0,34784,2853,126,126,2,236,236,4,0,0,0
nuscenes,scene-0103_033,tz,0.02,34784,2869,126,126,2,236,236,4,0,0,0
nuscenes,scene-0103_033,tz,0.05,34784,2891,126,126,2,236,236,4,0,0,0
nuscenes,scene-0103_033,tz,0.1,34784,2994,126,126,2,236,236,4,0,0,0
nuscenes,scene-0103_034,yaw,0.0,34688,2844,144,145,1,268,268,4,0,0,0
nuscenes,scene-0103_034,yaw,0.5,34688,2836,144,145,1,259,268,4,0,0,0
nuscenes,scene-0103_034,yaw,1.0,34688,2836,142,145,1,252,268,4,0,0,0
nuscenes,scene-0103_034,yaw,2.0,34688,2830,135,145,1,229,268,4,0,0,0
nuscenes,scene-0103_034,yaw,3.0,34688,2824,125,145,1,198,268,4,0,0,0
nuscenes,scene-0103_034,pitch,0.0,34688,2844,144,145,1,268,268,4,0,0,0
nuscenes,scene-0103_034,pitch,0.5,34688,2849,145,145,1,268,268,4,0,0,0
nuscenes,scene-0103_034,pitch,1.0,34688,2852,145,145,1,268,268,4,0,0,0
nuscenes,scene-0103_034,pitch,2.0,34688,2849,134,145,1,267,268,4,0,0,0
nuscenes,scene-0103_034,pitch,3.0,34688,2849,132,145,1,259,268,4,0,0,0
nuscenes,scene-0103_034,roll,0.0,34688,2844,144,145,1,268,268,4,0,0,0
nuscenes,scene-0103_034,roll,0.5,34688,2880,145,145,1,268,268,4,0,0,0
nuscenes,scene-0103_034,roll,1.0,34688,2976,145,145,1,246,268,4,0,0,0
nuscenes,scene-0103_034,roll,2.0,34688,3086,139,145,1,223,268,4,0,0,0
nuscenes,scene-0103_034,roll,3.0,34688,3207,139,145,1,209,268,4,0,0,0
nuscenes,scene-0103_034,tx,0.0,34688,2844,144,145,1,268,268,4,0,0,0
nuscenes,scene-0103_034,tx,0.02,34688,2840,144,145,1,268,268,4,0,0,0
nuscenes,scene-0103_034,tx,0.05,34688,2844,144,145,1,268,268,4,0,0,0
nuscenes,scene-0103_034,tx,0.1,34688,2844,142,145,1,267,268,4,0,0,0
nuscenes,scene-0103_034,ty,0.0,34688,2844,144,145,1,268,268,4,0,0,0
nuscenes,scene-0103_034,ty,0.02,34688,2854,145,145,1,268,268,4,0,0,0
nuscenes,scene-0103_034,ty,0.05,34688,2869,145,145,1,268,268,4,0,0,0
nuscenes,scene-0103_034,ty,0.1,34688,2893,145,145,1,268,268,4,0,0,0
nuscenes,scene-0103_034,tz,0.0,34688,2844,144,145,1,268,268,4,0,0,0
nuscenes,scene-0103_034,tz,0.02,34688,2862,144,145,1,268,268,4,0,0,0
nuscenes,scene-0103_034,tz,0.05,34688,2882,144,145,1,268,268,4,0,0,0
nuscenes,scene-0103_034,tz,0.1,34688,2984,145,145,1,268,268,4,0,0,0
nuscenes,scene-0103_035,yaw,0.0,34720,2809,276,277,3,88,88,3,17,17,1
nuscenes,scene-0103_035,yaw,0.5,34720,2795,266,277,3,87,88,3,16,17,1
nuscenes,scene-0103_035,yaw,1.0,34720,2785,254,277,3,85,88,3,14,17,1
nuscenes,scene-0103_035,yaw,2.0,34720,2781,218,277,3,80,88,3,8,17,1
nuscenes,scene-0103_035,yaw,3.0,34720,2776,174,277,3,65,88,3,4,17,1
nuscenes,scene-0103_035,pitch,0.0,34720,2809,276,277,3,88,88,3,17,17,1
nuscenes,scene-0103_035,pitch,0.5,34720,2815,277,277,3,88,88,3,17,17,1
nuscenes,scene-0103_035,pitch,1.0,34720,2815,277,277,3,88,88,3,17,17,1
nuscenes,scene-0103_035,pitch,2.0,34720,2811,261,277,3,88,88,3,17,17,1
nuscenes,scene-0103_035,pitch,3.0,34720,2813,260,277,3,88,88,3,17,17,1
nuscenes,scene-0103_035,roll,0.0,34720,2809,276,277,3,88,88,3,17,17,1
nuscenes,scene-0103_035,roll,0.5,34720,2844,277,277,3,88,88,3,17,17,1
nuscenes,scene-0103_035,roll,1.0,34720,2940,258,277,3,75,88,3,17,17,1
nuscenes,scene-0103_035,roll,2.0,34720,3050,254,277,3,69,88,3,11,17,1
nuscenes,scene-0103_035,roll,3.0,34720,3167,244,277,3,61,88,3,4,17,1
nuscenes,scene-0103_035,tx,0.0,34720,2809,276,277,3,88,88,3,17,17,1
nuscenes,scene-0103_035,tx,0.02,34720,2806,273,277,3,88,88,3,17,17,1
nuscenes,scene-0103_035,tx,0.05,34720,2809,272,277,3,88,88,3,17,17,1
nuscenes,scene-0103_035,tx,0.1,34720,2807,268,277,3,88,88,3,17,17,1
nuscenes,scene-0103_035,ty,0.0,34720,2809,276,277,3,88,88,3,17,17,1
nuscenes,scene-0103_035,ty,0.02,34720,2820,277,277,3,88,88,3,17,17,1
nuscenes,scene-0103_035,ty,0.05,34720,2831,277,277,3,88,88,3,17,17,1
nuscenes,scene-0103_035,ty,0.1,34720,2860,277,277,3,88,88,3,17,17,1
nuscenes,scene-0103_035,tz,0.0,34720,2809,276,277,3,88,88,3,17,17,1
nuscenes,scene-0103_035,tz,0.02,34720,2826,276,277,3,88,88,3,17,17,1
nuscenes,scene-0103_035,tz,0.05,34720,2846,277,277,3,88,88,3,17,17,1
nuscenes,scene-0103_035,tz,0.1,34720,2948,277,277,3,88,88,3,17,17,1
nuscenes,scene-0103_036,yaw,0.0,34752,2795,107,107,1,145,145,4,25,25,1
nuscenes,scene-0103_036,yaw,0.5,34752,2804,107,107,1,141,145,4,25,25,1
nuscenes,scene-0103_036,yaw,1.0,34752,2795,107,107,1,133,145,4,23,25,1
nuscenes,scene-0103_036,yaw,2.0,34752,2795,101,107,1,122,145,4,16,25,1
nuscenes,scene-0103_036,yaw,3.0,34752,2786,96,107,1,104,145,4,8,25,1
nuscenes,scene-0103_036,pitch,0.0,34752,2795,107,107,1,145,145,4,25,25,1
nuscenes,scene-0103_036,pitch,0.5,34752,2806,107,107,1,144,145,4,25,25,1
nuscenes,scene-0103_036,pitch,1.0,34752,2808,107,107,1,144,145,4,25,25,1
nuscenes,scene-0103_036,pitch,2.0,34752,2798,107,107,1,137,145,4,25,25,1
nuscenes,scene-0103_036,pitch,3.0,34752,2802,106,107,1,137,145,4,25,25,1
nuscenes,scene-0103_036,roll,0.0,34752,2795,107,107,1,145,145,4,25,25,1
nuscenes,scene-0103_036,roll,0.5,34752,2839,107,107,1,145,145,4,25,25,1
nuscenes,scene-0103_036,roll,1.0,34752,2940,107,107,1,143,145,4,25,25,1
nuscenes,scene-0103_036,roll,2.0,34752,3048,101,107,1,132,145,4,18,25,1
nuscenes,scene-0103_036,roll,3.0,34752,3160,97,107,1,121,145,4,12,25,1
nuscenes,scene-0103_036,tx,0.0,34752,2795,107,107,1,145,145,4,25,25,1
nuscenes,scene-0103_036,tx,0.02,34752,2795,106,107,1,145,145,4,25,25,1
nuscenes,scene-0103_036,tx,0.05,34752,2792,105,107,1,145,145,4,25,25,1
nuscenes,scene-0103_036,tx,0.1,34752,2789,100,107,1,145,145,4,25,25,1
nuscenes,scene-0103_036,ty,0.0,34752,2795,107,107,1,145,145,4,25,25,1
nuscenes,scene-0103_036,ty,0.02,34752,2811,107,107,1,145,145,4,25,25,1
nuscenes,scene-0103_036,ty,0.05,34752,2824,107,107,1,145,145,4,25,25,1
nuscenes,scene-0103_036,ty,0.1,34752,2842,107,107,1,145,145,4,25,25,1
nuscenes,scene-0103_036,tz,0.0,34752,2795,107,107,1,145,145,4,25,25,1
nuscenes,scene-0103_036,tz,0.02,34752,2814,107,107,1,145,145,4,25,25,1
nuscenes,scene-0103_036,tz,0.05,34752,2834,107,107,1,145,145,4,25,25,1
nuscenes,scene-0103_036,tz,0.1,34752,2942,107,107,1,145,145,4,25,25,1
nuscenes,scene-0103_037,yaw,0.0,34720,2721,231,232,2,99,99,3,0,0,0
nuscenes,scene-0103_037,yaw,0.5,34720,2714,232,232,2,92,99,3,0,0,0
nuscenes,scene-0103_037,yaw,1.0,34720,2712,230,232,2,83,99,3,0,0,0
nuscenes,scene-0103_037,yaw,2.0,34720,2707,216,232,2,70,99,3,0,0,0
nuscenes,scene-0103_037,yaw,3.0,34720,2709,204,232,2,51,99,3,0,0,0
nuscenes,scene-0103_037,pitch,0.0,34720,2721,231,232,2,99,99,3,0,0,0
nuscenes,scene-0103_037,pitch,0.5,34720,2724,232,232,2,99,99,3,0,0,0
nuscenes,scene-0103_037,pitch,1.0,34720,2727,232,232,2,99,99,3,0,0,0
nuscenes,scene-0103_037,pitch,2.0,34720,2721,218,232,2,98,99,3,0,0,0
nuscenes,scene-0103_037,pitch,3.0,34720,2724,206,232,2,86,99,3,0,0,0
nuscenes,scene-0103_037,roll,0.0,34720,2721,231,232,2,99,99,3,0,0,0
nuscenes,scene-0103_037,roll,0.5,34720,2757,232,232,2,99,99,3,0,0,0
nuscenes,scene-0103_037,roll,1.0,34720,2854,203,232,2,89,99,3,0,0,0
nuscenes,scene-0103_037,roll,2.0,34720,2957,200,232,2,82,99,3,0,0,0
nuscenes,scene-0103_037,roll,3.0,34720,3083,185,232,2,63,99,3,0,0,0
nuscenes,scene-0103_037,tx,0.0,34720,2721,231,232,2,99,99,3,0,0,0
nuscenes,scene-0103_037,tx,0.02,34720,2718,228,232,2,99,99,3,0,0,0
nuscenes,scene-0103_037,tx,0.05,34720,2717,227,232,2,99,99,3,0,0,0
nuscenes,scene-0103_037,tx,0.1,34720,2716,222,232,2,99,99,3,0,0,0
nuscenes,scene-0103_037,ty,0.0,34720,2721,231,232,2,99,99,3,0,0,0
nuscenes,scene-0103_037,ty,0.02,34720,2730,232,232,2,99,99,3,0,0,0
nuscenes,scene-0103_037,ty,0.05,34720,2743,232,232,2,99,99,3,0,0,0
nuscenes,scene-0103_037,ty,0.1,34720,2768,232,232,2,99,99,3,0,0,0
nuscenes,scene-0103_037,tz,0.0,34720,2721,231,232,2,99,99,3,0,0,0
nuscenes,scene-0103_037,tz,0.02,34720,2737,232,232,2,99,99,3,0,0,0
nuscenes,scene-0103_037,tz,0.05,34720,2757,232,232,2,99,99,3,0,0,0
nuscenes,scene-0103_037,tz,0.1,34720,2860,232,232,2,99,99,3,0,0,0
nuscenes,scene-0103_038,yaw,0.0,34752,2734,250,251,2,138,138,5,0,0,0
nuscenes,scene-0103_038,yaw,0.5,34752,2738,241,251,2,138,138,5,0,0,0
nuscenes,scene-0103_038,yaw,1.0,34752,2735,223,251,2,134,138,5,0,0,0
nuscenes,scene-0103_038,yaw,2.0,34752,2743,192,251,2,119,138,5,0,0,0
nuscenes,scene-0103_038,yaw,3.0,34752,2753,158,251,2,101,138,5,0,0,0
nuscenes,scene-0103_038,pitch,0.0,34752,2734,250,251,2,138,138,5,0,0,0
nuscenes,scene-0103_038,pitch,0.5,34752,2735,250,251,2,138,138,5,0,0,0
nuscenes,scene-0103_038,pitch,1.0,34752,2736,250,251,2,138,138,5,0,0,0
nuscenes,scene-0103_038,pitch,2.0,34752,2734,240,251,2,130,138,5,0,0,0
nuscenes,scene-0103_038,pitch,3.0,34752,2735,227,251,2,107,138,5,0,0,0
nuscenes,scene-0103_038,roll,0.0,34752,2734,250,251,2,138,138,5,0,0,0
nuscenes,scene-0103_038,roll,0.5,34752,2764,251,251,2,138,138,5,0,0,0
nuscenes,scene-0103_038,roll,1.0,34752,2866,251,251,2,126,138,5,0,0,0
nuscenes,scene-0103_038,roll,2.0,34752,2984,228,251,2,106,138,5,0,0,0
nuscenes,scene-0103_038,roll,3.0,34752,3087,223,251,2,85,138,5,0,0,0
nuscenes,scene-0103_038,tx,0.0,34752,2734,250,251,2,138,138,5,0,0,0
nuscenes,scene-0103_038,tx,0.02,34752,2733,249,251,2,138,138,5,0,0,0
nuscenes,scene-0103_038,tx,0.05,34752,2737,248,251,2,138,138,5,0,0,0
nuscenes,scene-0103_038,tx,0.1,34752,2736,245,251,2,138,138,5,0,0,0
nuscenes,scene-0103_038,ty,0.0,34752,2734,250,251,2,138,138,5,0,0,0
nuscenes,scene-0103_038,ty,0.02,34752,2746,251,251,2,138,138,5,0,0,0
nuscenes,scene-0103_038,ty,0.05,34752,2762,251,251,2,138,138,5,0,0,0
nuscenes,scene-0103_038,ty,0.1,34752,2789,251,251,2,138,138,5,0,0,0
nuscenes,scene-0103_038,tz,0.0,34752,2734,250,251,2,138,138,5,0,0,0
nuscenes,scene-0103_038,tz,0.02,34752,2749,251,251,2,138,138,5,0,0,0
nuscenes,scene-0103_038,tz,0.05,34752,2783,251,251,2,138,138,5,0,0,0
nuscenes,scene-0103_038,tz,0.1,34752,2873,248,251,2,138,138,5,0,0,0
nuscenes,scene-0103_039,yaw,0.0,34720,2695,113,113,1,152,152,4,0,0,0
nuscenes,scene-0103_039,yaw,0.5,34720,2702,112,113,1,151,152,4,0,0,0
nuscenes,scene-0103_039,yaw,1.0,34720,2718,108,113,1,149,152,4,0,0,0
nuscenes,scene-0103_039,yaw,2.0,34720,2741,102,113,1,135,152,4,0,0,0
nuscenes,scene-0103_039,yaw,3.0,34720,2753,94,113,1,114,152,4,0,0,0
nuscenes,scene-0103_039,pitch,0.0,34720,2695,113,113,1,152,152,4,0,0,0
nuscenes,scene-0103_039,pitch,0.5,34720,2696,113,113,1,152,152,4,0,0,0
nuscenes,scene-0103_039,pitch,1.0,34720,2698,113,113,1,152,152,4,0,0,0
nuscenes,scene-0103_039,pitch,2.0,34720,2696,112,113,1,152,152,4,0,0,0
nuscenes,scene-0103_039,pitch,3.0,34720,2695,98,113,1,148,152,4,0,0,0
nuscenes,scene-0103_039,roll,0.0,34720,2695,113,113,1,152,152,4,0,0,0
nuscenes,scene-0103_039,roll,0.5,34720,2731,113,113,1,152,152,4,0,0,0
nuscenes,scene-0103_039,roll,1.0,34720,2824,108,113,1,149,152,4,0,0,0
nuscenes,scene-0103_039,roll,2.0,34720,2937,106,113,1,125,152,4,0,0,0
nuscenes,scene-0103_039,roll,3.0,34720,3058,78,113,1,108,152,4,0,0,0
nuscenes,scene-0103_039,tx,0.0,34720,2695,113,113,1,152,152,4,0,0,0
nuscenes,scene-0103_039,tx,0.02,34720,2691,113,113,1,152,152,4,0,0,0
nuscenes,scene-0103_039,tx,0.05,34720,2690,113,113,1,152,152,4,0,0,0
nuscenes,scene-0103_039,tx,0.1,34720,2685,113,113,1,152,152,4,0,0,0
nuscenes,scene-0103_039,ty,0.0,34720,2695,113,113,1,152,152,4,0,0,0
nuscenes,scene-0103_039,ty,0.02,34720,2702,113,113,1,152,152,4,0,0,0
nuscenes,scene-0103_039,ty,0.05,34720,2716,113,113,1,152,152,4,0,0,0
nuscenes,scene-0103_039,ty,0.1,34720,2740,113,113,1,152,152,4,0,0,0
nuscenes,scene-0103_039,tz,0.0,34720,2695,113,113,1,152,152,4,0,0,0
nuscenes,scene-0103_039,tz,0.02,34720,2712,113,113,1,152,152,4,0,0,0
nuscenes,scene-0103_039,tz,0.05,34720,2732,113,113,1,152,152,4,0,0,0
nuscenes,scene-0103_039,tz,0.1,34720,2836,113,113,1,152,152,4,0,0,0
nuscenes,scene-1094_000,yaw,0.0,34400,3549,479,479,2,33,33,1,61,61,1
nuscenes,scene-1094_000,yaw,0.5,34400,3559,477,479,2,32,33,1,61,61,1
nuscenes,scene-1094_000,yaw,1.0,34400,3570,469,479,2,28,33,1,61,61,1
nuscenes,scene-1094_000,yaw,2.0,34400,3587,438,479,2,20,33,1,59,61,1
nuscenes,scene-1094_000,yaw,3.0,34400,3598,411,479,2,17,33,1,56,61,1
nuscenes,scene-1094_000,pitch,0.0,34400,3549,479,479,2,33,33,1,61,61,1
nuscenes,scene-1094_000,pitch,0.5,34400,3550,479,479,2,33,33,1,61,61,1
nuscenes,scene-1094_000,pitch,1.0,34400,3547,478,479,2,33,33,1,61,61,1
nuscenes,scene-1094_000,pitch,2.0,34400,3549,477,479,2,33,33,1,61,61,1
nuscenes,scene-1094_000,pitch,3.0,34400,3552,475,479,2,26,33,1,57,61,1
nuscenes,scene-1094_000,roll,0.0,34400,3549,479,479,2,33,33,1,61,61,1
nuscenes,scene-1094_000,roll,0.5,34400,3611,479,479,2,33,33,1,61,61,1
nuscenes,scene-1094_000,roll,1.0,34400,3645,450,479,2,33,33,1,61,61,1
nuscenes,scene-1094_000,roll,2.0,34400,3791,441,479,2,26,33,1,39,61,1
nuscenes,scene-1094_000,roll,3.0,34400,3938,430,479,2,10,33,1,20,61,1
nuscenes,scene-1094_000,tx,0.0,34400,3549,479,479,2,33,33,1,61,61,1
nuscenes,scene-1094_000,tx,0.02,34400,3550,479,479,2,33,33,1,61,61,1
nuscenes,scene-1094_000,tx,0.05,34400,3552,479,479,2,33,33,1,61,61,1
nuscenes,scene-1094_000,tx,0.1,34400,3557,479,479,2,33,33,1,61,61,1
nuscenes,scene-1094_000,ty,0.0,34400,3549,479,479,2,33,33,1,61,61,1
nuscenes,scene-1094_000,ty,0.02,34400,3562,479,479,2,33,33,1,61,61,1
nuscenes,scene-1094_000,ty,0.05,34400,3580,479,479,2,33,33,1,61,61,1
nuscenes,scene-1094_000,ty,0.1,34400,3609,479,479,2,33,33,1,61,61,1
nuscenes,scene-1094_000,tz,0.0,34400,3549,479,479,2,33,33,1,61,61,1
nuscenes,scene-1094_000,tz,0.02,34400,3577,479,479,2,33,33,1,61,61,1
nuscenes,scene-1094_000,tz,0.05,34400,3606,479,479,2,33,33,1,61,61,1
nuscenes,scene-1094_000,tz,0.1,34400,3644,450,479,2,33,33,1,61,61,1
nuscenes,scene-1094_001,yaw,0.0,34688,3555,471,471,3,26,26,1,63,63,1
nuscenes,scene-1094_001,yaw,0.5,34688,3562,469,471,3,26,26,1,63,63,1
nuscenes,scene-1094_001,yaw,1.0,34688,3560,464,471,3,26,26,1,63,63,1
nuscenes,scene-1094_001,yaw,2.0,34688,3567,430,471,3,26,26,1,60,63,1
nuscenes,scene-1094_001,yaw,3.0,34688,3571,381,471,3,21,26,1,56,63,1
nuscenes,scene-1094_001,pitch,0.0,34688,3555,471,471,3,26,26,1,63,63,1
nuscenes,scene-1094_001,pitch,0.5,34688,3556,471,471,3,26,26,1,63,63,1
nuscenes,scene-1094_001,pitch,1.0,34688,3555,469,471,3,26,26,1,63,63,1
nuscenes,scene-1094_001,pitch,2.0,34688,3552,468,471,3,26,26,1,63,63,1
nuscenes,scene-1094_001,pitch,3.0,34688,3552,467,471,3,21,26,1,58,63,1
nuscenes,scene-1094_001,roll,0.0,34688,3555,471,471,3,26,26,1,63,63,1
nuscenes,scene-1094_001,roll,0.5,34688,3616,439,471,3,26,26,1,63,63,1
nuscenes,scene-1094_001,roll,1.0,34688,3651,438,471,3,26,26,1,63,63,1
nuscenes,scene-1094_001,roll,2.0,34688,3801,413,471,3,21,26,1,41,63,1
nuscenes,scene-1094_001,roll,3.0,34688,3944,396,471,3,8,26,1,22,63,1
nuscenes,scene-1094_001,tx,0.0,34688,3555,471,471,3,26,26,1,63,63,1
nuscenes,scene-1094_001,tx,0.02,34688,3556,471,471,3,26,26,1,63,63,1
nuscenes,scene-1094_001,tx,0.05,34688,3555,471,471,3,26,26,1,63,63,1
nuscenes,scene-1094_001,tx,0.1,34688,3552,471,471,3,26,26,1,63,63,1
nuscenes,scene-1094_001,ty,0.0,34688,3555,471,471,3,26,26,1,63,63,1
nuscenes,scene-1094_001,ty,0.02,34688,3571,471,471,3,26,26,1,63,63,1
nuscenes,scene-1094_001,ty,0.05,34688,3591,471,471,3,26,26,1,63,63,1
nuscenes,scene-1094_001,ty,0.1,34688,3617,471,471,3,26,26,1,63,63,1
nuscenes,scene-1094_001,tz,0.0,34688,3555,471,471,3,26,26,1,63,63,1
nuscenes,scene-1094_001,tz,0.02,34688,3582,471,471,3,26,26,1,63,63,1
nuscenes,scene-1094_001,tz,0.05,34688,3611,442,471,3,26,26,1,63,63,1
nuscenes,scene-1094_001,tz,0.1,34688,3646,438,471,3,26,26,1,63,63,1
nuscenes,scene-1094_002,yaw,0.0,34720,3551,454,454,4,20,20,1,64,64,1
nuscenes,scene-1094_002,yaw,0.5,34720,3556,453,454,4,20,20,1,64,64,1
nuscenes,scene-1094_002,yaw,1.0,34720,3551,448,454,4,19,20,1,63,64,1
nuscenes,scene-1094_002,yaw,2.0,34720,3544,416,454,4,19,20,1,60,64,1
nuscenes,scene-1094_002,yaw,3.0,34720,3542,374,454,4,19,20,1,57,64,1
nuscenes,scene-1094_002,pitch,0.0,34720,3551,454,454,4,20,20,1,64,64,1
nuscenes,scene-1094_002,pitch,0.5,34720,3553,453,454,4,20,20,1,64,64,1
nuscenes,scene-1094_002,pitch,1.0,34720,3551,453,454,4,20,20,1,64,64,1
nuscenes,scene-1094_002,pitch,2.0,34720,3548,452,454,4,20,20,1,64,64,1
nuscenes,scene-1094_002,pitch,3.0,34720,3548,445,454,4,18,20,1,49,64,1
nuscenes,scene-1094_002,roll,0.0,34720,3551,454,454,4,20,20,1,64,64,1
nuscenes,scene-1094_002,roll,0.5,34720,3608,452,454,4,20,20,1,64,64,1
nuscenes,scene-1094_002,roll,1.0,34720,3643,452,454,4,20,20,1,64,64,1
nuscenes,scene-1094_002,roll,2.0,34720,3793,416,454,4,18,20,1,41,64,1
nuscenes,scene-1094_002,roll,3.0,34720,3931,383,454,4,8,20,1,19,64,1
nuscenes,scene-1094_002,tx,0.0,34720,3551,454,454,4,20,20,1,64,64,1
nuscenes,scene-1094_002,tx,0.02,34720,3552,454,454,4,20,20,1,64,64,1
nuscenes,scene-1094_002,tx,0.05,34720,3552,454,454,4,20,20,1,64,64,1
nuscenes,scene-1094_002,tx,0.1,34720,3553,453,454,4,20,20,1,64,64,1
nuscenes,scene-1094_002,ty,0.0,34720,3551,454,454,4,20,20,1,64,64,1
nuscenes,scene-1094_002,ty,0.02,34720,3560,454,454,4,20,20,1,64,64,1
nuscenes,scene-1094_002,ty,0.05,34720,3577,454,454,4,20,20,1,64,64,1
nuscenes,scene-1094_002,ty,0.1,34720,3604,454,454,4,20,20,1,64,64,1
nuscenes,scene-1094_002,tz,0.0,34720,3551,454,454,4,20,20,1,64,64,1
nuscenes,scene-1094_002,tz,0.02,34720,3577,453,454,4,20,20,1,64,64,1
nuscenes,scene-1094_002,tz,0.05,34720,3606,452,454,4,20,20,1,64,64,1
nuscenes,scene-1094_002,tz,0.1,34720,3640,452,454,4,20,20,1,64,64,1
nuscenes,scene-1094_003,yaw,0.0,34688,3581,429,429,4,28,28,1,67,67,1
nuscenes,scene-1094_003,yaw,0.5,34688,3583,428,429,4,27,28,1,67,67,1
nuscenes,scene-1094_003,yaw,1.0,34688,3587,426,429,4,21,28,1,65,67,1
nuscenes,scene-1094_003,yaw,2.0,34688,3589,396,429,4,14,28,1,62,67,1
nuscenes,scene-1094_003,yaw,3.0,34688,3576,363,429,4,14,28,1,59,67,1
nuscenes,scene-1094_003,pitch,0.0,34688,3581,429,429,4,28,28,1,67,67,1
nuscenes,scene-1094_003,pitch,0.5,34688,3580,429,429,4,28,28,1,67,67,1
nuscenes,scene-1094_003,pitch,1.0,34688,3577,428,429,4,28,28,1,67,67,1
nuscenes,scene-1094_003,pitch,2.0,34688,3574,428,429,4,26,28,1,67,67,1
nuscenes,scene-1094_003,pitch,3.0,34688,3575,426,429,4,23,28,1,50,67,1
nuscenes,scene-1094_003,roll,0.0,34688,3581,429,429,4,28,28,1,67,67,1
nuscenes,scene-1094_003,roll,0.5,34688,3641,428,429,4,28,28,1,67,67,1
nuscenes,scene-1094_003,roll,1.0,34688,3675,426,429,4,28,28,1,67,67,1
nuscenes,scene-1094_003,roll,2.0,34688,3823,392,429,4,23,28,1,43,67,1
nuscenes,scene-1094_003,roll,3.0,34688,3959,375,429,4,9,28,1,21,67,1
nuscenes,scene-1094_003,tx,0.0,34688,3581,429,429,4,28,28,1,67,67,1
nuscenes,scene-1094_003,tx,0.02,34688,3580,427,429,4,28,28,1,67,67,1
nuscenes,scene-1094_003,tx,0.05,34688,3578,426,429,4,28,28,1,67,67,1
nuscenes,scene-1094_003,tx,0.1,34688,3572,423,429,4,28,28,1,67,67,1
nuscenes,scene-1094_003,ty,0.0,34688,3581,429,429,4,28,28,1,67,67,1
nuscenes,scene-1094_003,ty,0.02,34688,3594,429,429,4,28,28,1,67,67,1
nuscenes,scene-1094_003,ty,0.05,34688,3610,429,429,4,28,28,1,67,67,1
nuscenes,scene-1094_003,ty,0.1,34688,3635,429,429,4,28,28,1,67,67,1
nuscenes,scene-1094_003,tz,0.0,34688,3581,429,429,4,28,28,1,67,67,1
nuscenes,scene-1094_003,tz,0.02,34688,3609,428,429,4,28,28,1,67,67,1
nuscenes,scene-1094_003,tz,0.05,34688,3639,428,429,4,28,28,1,67,67,1
nuscenes,scene-1094_003,tz,0.1,34688,3677,428,429,4,28,28,1,67,67,1
nuscenes,scene-1094_004,yaw,0.0,34720,3602,415,415,3,95,95,2,0,0,0
nuscenes,scene-1094_004,yaw,0.5,34720,3599,412,415,3,94,95,2,0,0,0
nuscenes,scene-1094_004,yaw,1.0,34720,3593,403,415,3,88,95,2,0,0,0
nuscenes,scene-1094_004,yaw,2.0,34720,3558,383,415,3,84,95,2,0,0,0
nuscenes,scene-1094_004,yaw,3.0,34720,3531,358,415,3,81,95,2,0,0,0
nuscenes,scene-1094_004,pitch,0.0,34720,3602,415,415,3,95,95,2,0,0,0
nuscenes,scene-1094_004,pitch,0.5,34720,3599,415,415,3,95,95,2,0,0,0
nuscenes,scene-1094_004,pitch,1.0,34720,3598,413,415,3,95,95,2,0,0,0
nuscenes,scene-1094_004,pitch,2.0,34720,3597,407,415,3,92,95,2,0,0,0
nuscenes,scene-1094_004,pitch,3.0,34720,3597,407,415,3,75,95,2,0,0,0
nuscenes,scene-1094_004,roll,0.0,34720,3602,415,415,3,95,95,2,0,0,0
nuscenes,scene-1094_004,roll,0.5,34720,3662,411,415,3,95,95,2,0,0,0
nuscenes,scene-1094_004,roll,1.0,34720,3697,410,415,3,94,95,2,0,0,0
nuscenes,scene-1094_004,roll,2.0,34720,3842,379,415,3,68,95,2,0,0,0
nuscenes,scene-1094_004,roll,3.0,34720,3990,360,415,3,32,95,2,0,0,0
nuscenes,scene-1094_004,tx,0.0,34720,3602,415,415,3,95,95,2,0,0,0
nuscenes,scene-1094_004,tx,0.02,34720,3598,413,415,3,95,95,2,0,0,0
nuscenes,scene-1094_004,tx,0.05,34720,3595,413,415,3,95,95,2,0,0,0
nuscenes,scene-1094_004,tx,0.1,34720,3594,410,415,3,95,95,2,0,0,0
nuscenes,scene-1094_004,ty,0.0,34720,3602,415,415,3,95,95,2,0,0,0
nuscenes,scene-1094_004,ty,0.02,34720,3614,415,415,3,95,95,2,0,0,0
nuscenes,scene-1094_004,ty,0.05,34720,3628,415,415,3,95,95,2,0,0,0
nuscenes,scene-1094_004,ty,0.1,34720,3658,413,415,3,95,95,2,0,0,0
nuscenes,scene-1094_004,tz,0.0,34720,3602,415,415,3,95,95,2,0,0,0
nuscenes,scene-1094_004,tz,0.02,34720,3630,413,415,3,95,95,2,0,0,0
nuscenes,scene-1094_004,tz,0.05,34720,3660,411,415,3,95,95,2,0,0,0
nuscenes,scene-1094_004,tz,0.1,34720,3698,411,415,3,95,95,2,0,0,0
nuscenes,scene-1094_005,yaw,0.0,34752,3548,429,429,2,119,119,3,0,0,0
nuscenes,scene-1094_005,yaw,0.5,34752,3550,422,429,2,119,119,3,0,0,0
nuscenes,scene-1094_005,yaw,1.0,34752,3550,408,429,2,118,119,3,0,0,0
nuscenes,scene-1094_005,yaw,2.0,34752,3554,372,429,2,115,119,3,0,0,0
nuscenes,scene-1094_005,yaw,3.0,34752,3569,341,429,2,110,119,3,0,0,0
nuscenes,scene-1094_005,pitch,0.0,34752,3548,429,429,2,119,119,3,0,0,0
nuscenes,scene-1094_005,pitch,0.5,34752,3552,428,429,2,119,119,3,0,0,0
nuscenes,scene-1094_005,pitch,1.0,34752,3554,428,429,2,119,119,3,0,0,0
nuscenes,scene-1094_005,pitch,2.0,34752,3553,423,429,2,109,119,3,0,0,0
nuscenes,scene-1094_005,pitch,3.0,34752,3555,421,429,2,91,119,3,0,0,0
nuscenes,scene-1094_005,roll,0.0,34752,3548,429,429,2,119,119,3,0,0,0
nuscenes,scene-1094_005,roll,0.5,34752,3610,429,429,2,119,119,3,0,0,0
nuscenes,scene-1094_005,roll,1.0,34752,3644,399,429,2,91,119,3,0,0,0
nuscenes,scene-1094_005,roll,2.0,34752,3789,394,429,2,91,119,3,0,0,0
nuscenes,scene-1094_005,roll,3.0,34752,3925,378,429,2,54,119,3,0,0,0
nuscenes,scene-1094_005,tx,0.0,34752,3548,429,429,2,119,119,3,0,0,0
nuscenes,scene-1094_005,tx,0.02,34752,3551,429,429,2,119,119,3,0,0,0
nuscenes,scene-1094_005,tx,0.05,34752,3549,429,429,2,119,119,3,0,0,0
nuscenes,scene-1094_005,tx,0.1,34752,3558,429,429,2,119,119,3,0,0,0
nuscenes,scene-1094_005,ty,0.0,34752,3548,429,429,2,119,119,3,0,0,0
nuscenes,scene-1094_005,ty,0.02,34752,3562,429,429,2,119,119,3,0,0,0
nuscenes,scene-1094_005,ty,0.05,34752,3582,429,429,2,119,119,3,0,0,0
nuscenes,scene-1094_005,ty,0.1,34752,3615,429,429,2,119,119,3,0,0,0
nuscenes,scene-1094_005,tz,0.0,34752,3548,429,429,2,119,119,3,0,0,0
nuscenes,scene-1094_005,tz,0.02,34752,3577,429,429,2,119,119,3,0,0,0
nuscenes,scene-1094_005,tz,0.05,34752,3608,429,429,2,119,119,3,0,0,0
nuscenes,scene-1094_005,tz,0.1,34752,3639,426,429,2,119,119,3,0,0,0
nuscenes,scene-1094_006,yaw,0.0,34688,3602,415,415,1,135,135,4,0,0,0
nuscenes,scene-1094_006,yaw,0.5,34688,3617,413,415,1,134,135,4,0,0,0
nuscenes,scene-1094_006,yaw,1.0,34688,3629,407,415,1,131,135,4,0,0,0
nuscenes,scene-1094_006,yaw,2.0,34688,3637,391,415,1,121,135,4,0,0,0
nuscenes,scene-1094_006,yaw,3.0,34688,3631,370,415,1,106,135,4,0,0,0
nuscenes,scene-1094_006,pitch,0.0,34688,3602,415,415,1,135,135,4,0,0,0
nuscenes,scene-1094_006,pitch,0.5,34688,3605,415,415,1,135,135,4,0,0,0
nuscenes,scene-1094_006,pitch,1.0,34688,3608,415,415,1,135,135,4,0,0,0
nuscenes,scene-1094_006,pitch,2.0,34688,3611,415,415,1,126,135,4,0,0,0
nuscenes,scene-1094_006,pitch,3.0,34688,3612,414,415,1,112,135,4,0,0,0
nuscenes,scene-1094_006,roll,0.0,34688,3602,415,415,1,135,135,4,0,0,0
nuscenes,scene-1094_006,roll,0.5,34688,3671,415,415,1,135,135,4,0,0,0
nuscenes,scene-1094_006,roll,1.0,34688,3706,415,415,1,133,135,4,0,0,0
nuscenes,scene-1094_006,roll,2.0,34688,3864,382,415,1,99,135,4,0,0,0
nuscenes,scene-1094_006,roll,3.0,34688,4003,369,415,1,39,135,4,0,0,0
nuscenes,scene-1094_006,tx,0.0,34688,3602,415,415,1,135,135,4,0,0,0
nuscenes,scene-1094_006,tx,0.02,34688,3600,415,415,1,135,135,4,0,0,0
nuscenes,scene-1094_006,tx,0.05,34688,3600,415,415,1,135,135,4,0,0,0
nuscenes,scene-1094_006,tx,0.1,34688,3598,415,415,1,135,135,4,0,0,0
nuscenes,scene-1094_006,ty,0.0,34688,3602,415,415,1,135,135,4,0,0,0
nuscenes,scene-1094_006,ty,0.02,34688,3613,415,415,1,135,135,4,0,0,0
nuscenes,scene-1094_006,ty,0.05,34688,3632,415,415,1,135,135,4,0,0,0
nuscenes,scene-1094_006,ty,0.1,34688,3667,415,415,1,135,135,4,0,0,0
nuscenes,scene-1094_006,tz,0.0,34688,3602,415,415,1,135,135,4,0,0,0
nuscenes,scene-1094_006,tz,0.02,34688,3633,415,415,1,135,135,4,0,0,0
nuscenes,scene-1094_006,tz,0.05,34688,3666,415,415,1,135,135,4,0,0,0
nuscenes,scene-1094_006,tz,0.1,34688,3703,415,415,1,135,135,4,0,0,0
nuscenes,scene-1094_007,yaw,0.0,34720,3678,462,462,1,110,110,2,0,0,0
nuscenes,scene-1094_007,yaw,0.5,34720,3676,460,462,1,106,110,2,0,0,0
nuscenes,scene-1094_007,yaw,1.0,34720,3678,454,462,1,97,110,2,0,0,0
nuscenes,scene-1094_007,yaw,2.0,34720,3681,434,462,1,84,110,2,0,0,0
nuscenes,scene-1094_007,yaw,3.0,34720,3682,414,462,1,72,110,2,0,0,0
nuscenes,scene-1094_007,pitch,0.0,34720,3678,462,462,1,110,110,2,0,0,0
nuscenes,scene-1094_007,pitch,0.5,34720,3677,462,462,1,110,110,2,0,0,0
nuscenes,scene-1094_007,pitch,1.0,34720,3684,462,462,1,110,110,2,0,0,0
nuscenes,scene-1094_007,pitch,2.0,34720,3681,442,462,1,103,110,2,0,0,0
nuscenes,scene-1094_007,pitch,3.0,34720,3681,433,462,1,103,110,2,0,0,0
nuscenes,scene-1094_007,roll,0.0,34720,3678,462,462,1,110,110,2,0,0,0
nuscenes,scene-1094_007,roll,0.5,34720,3737,442,462,1,110,110,2,0,0,0
nuscenes,scene-1094_007,roll,1.0,34720,3771,433,462,1,103,110,2,0,0,0
nuscenes,scene-1094_007,roll,2.0,34720,3927,405,462,1,103,110,2,0,0,0
nuscenes,scene-1094_007,roll,3.0,34720,4062,404,462,1,60,110,2,0,0,0
nuscenes,scene-1094_007,tx,0.0,34720,3678,462,462,1,110,110,2,0,0,0
nuscenes,scene-1094_007,tx,0.02,34720,3676,462,462,1,110,110,2,0,0,0
nuscenes,scene-1094_007,tx,0.05,34720,3673,462,462,1,110,110,2,0,0,0
nuscenes,scene-1094_007,tx,0.1,34720,3671,462,462,1,110,110,2,0,0,0
nuscenes,scene-1094_007,ty,0.0,34720,3678,462,462,1,110,110,2,0,0,0
nuscenes,scene-1094_007,ty,0.02,34720,3690,462,462,1,110,110,2,0,0,0
nuscenes,scene-1094_007,ty,0.05,34720,3710,462,462,1,110,110,2,0,0,0
nuscenes,scene-1094_007,ty,0.1,34720,3739,462,462,1,110,110,2,0,0,0
nuscenes,scene-1094_007,tz,0.0,34720,3678,462,462,1,110,110,2,0,0,0
nuscenes,scene-1094_007,tz,0.02,34720,3705,462,462,1,110,110,2,0,0,0
nuscenes,scene-1094_007,tz,0.05,34720,3736,451,462,1,110,110,2,0,0,0
nuscenes,scene-1094_007,tz,0.1,34720,3770,435,462,1,110,110,2,0,0,0
nuscenes,scene-1094_008,yaw,0.0,34752,3646,501,501,2,111,111,3,0,0,0
nuscenes,scene-1094_008,yaw,0.5,34752,3650,500,501,2,106,111,3,0,0,0
nuscenes,scene-1094_008,yaw,1.0,34752,3652,494,501,2,100,111,3,0,0,0
nuscenes,scene-1094_008,yaw,2.0,34752,3647,473,501,2,83,111,3,0,0,0
nuscenes,scene-1094_008,yaw,3.0,34752,3653,444,501,2,65,111,3,0,0,0
nuscenes,scene-1094_008,pitch,0.0,34752,3646,501,501,2,111,111,3,0,0,0
nuscenes,scene-1094_008,pitch,0.5,34752,3652,501,501,2,110,111,3,0,0,0
nuscenes,scene-1094_008,pitch,1.0,34752,3655,501,501,2,110,111,3,0,0,0
nuscenes,scene-1094_008,pitch,2.0,34752,3655,501,501,2,108,111,3,0,0,0
nuscenes,scene-1094_008,pitch,3.0,34752,3659,476,501,2,102,111,3,0,0,0
nuscenes,scene-1094_008,roll,0.0,34752,3646,501,501,2,111,111,3,0,0,0
nuscenes,scene-1094_008,roll,0.5,34752,3713,501,501,2,111,111,3,0,0,0
nuscenes,scene-1094_008,roll,1.0,34752,3746,481,501,2,111,111,3,0,0,0
nuscenes,scene-1094_008,roll,2.0,34752,3904,455,501,2,64,111,3,0,0,0
nuscenes,scene-1094_008,roll,3.0,34752,4036,432,501,2,50,111,3,0,0,0
nuscenes,scene-1094_008,tx,0.0,34752,3646,501,501,2,111,111,3,0,0,0
nuscenes,scene-1094_008,tx,0.02,34752,3650,501,501,2,111,111,3,0,0,0
nuscenes,scene-1094_008,tx,0.05,34752,3648,501,501,2,111,111,3,0,0,0
nuscenes,scene-1094_008,tx,0.1,34752,3649,501,501,2,111,111,3,0,0,0
nuscenes,scene-1094_008,ty,0.0,34752,3646,501,501,2,111,111,3,0,0,0
nuscenes,scene-1094_008,ty,0.02,34752,3660,501,501,2,111,111,3,0,0,0
nuscenes,scene-1094_008,ty,0.05,34752,3682,501,501,2,111,111,3,0,0,0
nuscenes,scene-1094_008,ty,0.1,34752,3708,501,501,2,111,111,3,0,0,0
nuscenes,scene-1094_008,tz,0.0,34752,3646,501,501,2,111,111,3,0,0,0
nuscenes,scene-1094_008,tz,0.02,34752,3675,501,501,2,111,111,3,0,0,0
nuscenes,scene-1094_008,tz,0.05,34752,3709,501,501,2,111,111,3,0,0,0
nuscenes,scene-1094_008,tz,0.1,34752,3740,501,501,2,111,111,3,0,0,0
nuscenes,scene-1094_009,yaw,0.0,34720,3620,326,326,2,95,95,2,0,0,0
nuscenes,scene-1094_009,yaw,0.5,34720,3624,314,326,2,95,95,2,0,0,0
nuscenes,scene-1094_009,yaw,1.0,34720,3633,305,326,2,93,95,2,0,0,0
nuscenes,scene-1094_009,yaw,2.0,34720,3636,272,326,2,84,95,2,0,0,0
nuscenes,scene-1094_009,yaw,3.0,34720,3641,227,326,2,75,95,2,0,0,0
nuscenes,scene-1094_009,pitch,0.0,34720,3620,326,326,2,95,95,2,0,0,0
nuscenes,scene-1094_009,pitch,0.5,34720,3623,323,326,2,95,95,2,0,0,0
nuscenes,scene-1094_009,pitch,1.0,34720,3625,321,326,2,95,95,2,0,0,0
nuscenes,scene-1094_009,pitch,2.0,34720,3624,318,326,2,95,95,2,0,0,0
nuscenes,scene-1094_009,pitch,3.0,34720,3630,311,326,2,82,95,2,0,0,0
nuscenes,scene-1094_009,roll,0.0,34720,3620,326,326,2,95,95,2,0,0,0
nuscenes,scene-1094_009,roll,0.5,34720,3684,326,326,2,95,95,2,0,0,0
nuscenes,scene-1094_009,roll,1.0,34720,3719,326,326,2,95,95,2,0,0,0
nuscenes,scene-1094_009,roll,2.0,34720,3868,310,326,2,80,95,2,0,0,0
nuscenes,scene-1094_009,roll,3.0,34720,4000,282,326,2,39,95,2,0,0,0
nuscenes,scene-1094_009,tx,0.0,34720,3620,326,326,2,95,95,2,0,0,0
nuscenes,scene-1094_009,tx,0.02,34720,3621,326,326,2,95,95,2,0,0,0
nuscenes,scene-1094_009,tx,0.05,34720,3620,326,326,2,95,95,2,0,0,0
nuscenes,scene-1094_009,tx,0.1,34720,3626,326,326,2,95,95,2,0,0,0
nuscenes,scene-1094_009,ty,0.0,34720,3620,326,326,2,95,95,2,0,0,0
nuscenes,scene-1094_009,ty,0.02,34720,3630,326,326,2,95,95,2,0,0,0
nuscenes,scene-1094_009,ty,0.05,34720,3651,326,326,2,95,95,2,0,0,0
nuscenes,scene-1094_009,ty,0.1,34720,3688,326,326,2,95,95,2,0,0,0
nuscenes,scene-1094_009,tz,0.0,34720,3620,326,326,2,95,95,2,0,0,0
nuscenes,scene-1094_009,tz,0.02,34720,3649,326,326,2,95,95,2,0,0,0
nuscenes,scene-1094_009,tz,0.05,34720,3683,326,326,2,95,95,2,0,0,0
nuscenes,scene-1094_009,tz,0.1,34720,3716,326,326,2,95,95,2,0,0,0
nuscenes,scene-1094_010,yaw,0.0,34688,3592,150,150,2,182,182,4,0,0,0
nuscenes,scene-1094_010,yaw,0.5,34688,3594,138,150,2,182,182,4,0,0,0
nuscenes,scene-1094_010,yaw,1.0,34688,3600,126,150,2,182,182,4,0,0,0
nuscenes,scene-1094_010,yaw,2.0,34688,3609,99,150,2,168,182,4,0,0,0
nuscenes,scene-1094_010,yaw,3.0,34688,3618,62,150,2,153,182,4,0,0,0
nuscenes,scene-1094_010,pitch,0.0,34688,3592,150,150,2,182,182,4,0,0,0
nuscenes,scene-1094_010,pitch,0.5,34688,3595,149,150,2,182,182,4,0,0,0
nuscenes,scene-1094_010,pitch,1.0,34688,3595,148,150,2,182,182,4,0,0,0
nuscenes,scene-1094_010,pitch,2.0,34688,3595,147,150,2,180,182,4,0,0,0
nuscenes,scene-1094_010,pitch,3.0,34688,3593,144,150,2,173,182,4,0,0,0
nuscenes,scene-1094_010,roll,0.0,34688,3592,150,150,2,182,182,4,0,0,0
nuscenes,scene-1094_010,roll,0.5,34688,3658,150,150,2,182,182,4,0,0,0
nuscenes,scene-1094_010,roll,1.0,34688,3688,143,150,2,174,182,4,0,0,0
nuscenes,scene-1094_010,roll,2.0,34688,3838,128,150,2,151,182,4,0,0,0
nuscenes,scene-1094_010,roll,3.0,34688,3978,128,150,2,105,182,4,0,0,0
nuscenes,scene-1094_010,tx,0.0,34688,3592,150,150,2,182,182,4,0,0,0
nuscenes,scene-1094_010,tx,0.02,34688,3592,150,150,2,182,182,4,0,0,0
nuscenes,scene-1094_010,tx,0.05,34688,3592,150,150,2,182,182,4,0,0,0
nuscenes,scene-1094_010,tx,0.1,34688,3594,149,150,2,182,182,4,0,0,0
nuscenes,scene-1094_010,ty,0.0,34688,3592,150,150,2,182,182,4,0,0,0
nuscenes,scene-1094_010,ty,0.02,34688,3608,150,150,2,182,182,4,0,0,0
nuscenes,scene-1094_010,ty,0.05,34688,3624,150,150,2,182,182,4,0,0,0
nuscenes,scene-1094_010,ty,0.1,34688,3661,150,150,2,182,182,4,0,0,0
nuscenes,scene-1094_010,tz,0.0,34688,3592,150,150,2,182,182,4,0,0,0
nuscenes,scene-1094_010,tz,0.02,34688,3622,150,150,2,182,182,4,0,0,0
nuscenes,scene-1094_010,tz,0.05,34688,3655,150,150,2,182,182,4,0,0,0
nuscenes,scene-1094_010,tz,0.1,34688,3686,150,150,2,182,182,4,0,0,0
nuscenes,scene-1094_011,yaw,0.0,34688,3559,40,40,1,267,267,4,0,0,0
nuscenes,scene-1094_011,yaw,0.5,34688,3567,40,40,1,263,267,4,0,0,0
nuscenes,scene-1094_011,yaw,1.0,34688,3579,39,40,1,256,267,4,0,0,0
nuscenes,scene-1094_011,yaw,2.0,34688,3599,32,40,1,236,267,4,0,0,0
nuscenes,scene-1094_011,yaw,3.0,34688,3606,15,40,1,218,267,4,0,0,0
nuscenes,scene-1094_011,pitch,0.0,34688,3559,40,40,1,267,267,4,0,0,0
nuscenes,scene-1094_011,pitch,0.5,34688,3558,40,40,1,267,267,4,0,0,0
nuscenes,scene-1094_011,pitch,1.0,34688,3560,40,40,1,267,267,4,0,0,0
nuscenes,scene-1094_011,pitch,2.0,34688,3558,40,40,1,267,267,4,0,0,0
nuscenes,scene-1094_011,pitch,3.0,34688,3554,40,40,1,244,267,4,0,0,0
nuscenes,scene-1094_011,roll,0.0,34688,3559,40,40,1,267,267,4,0,0,0
nuscenes,scene-1094_011,roll,0.5,34688,3621,40,40,1,267,267,4,0,0,0
nuscenes,scene-1094_011,roll,1.0,34688,3652,34,40,1,264,267,4,0,0,0
nuscenes,scene-1094_011,roll,2.0,34688,3807,22,40,1,221,267,4,0,0,0
nuscenes,scene-1094_011,roll,3.0,34688,3946,19,40,1,167,267,4,0,0,0
nuscenes,scene-1094_011,tx,0.0,34688,3559,40,40,1,267,267,4,0,0,0
nuscenes,scene-1094_011,tx,0.02,34688,3557,40,40,1,267,267,4,0,0,0
nuscenes,scene-1094_011,tx,0.05,34688,3557,40,40,1,267,267,4,0,0,0
nuscenes,scene-1094_011,tx,0.1,34688,3553,40,40,1,267,267,4,0,0,0
nuscenes,scene-1094_011,ty,0.0,34688,3559,40,40,1,267,267,4,0,0,0
nuscenes,scene-1094_011,ty,0.02,34688,3570,40,40,1,267,267,4,0,0,0
nuscenes,scene-1094_011,ty,0.05,34688,3590,40,40,1,267,267,4,0,0,0
nuscenes,scene-1094_011,ty,0.1,34688,3619,40,40,1,267,267,4,0,0,0
nuscenes,scene-1094_011,tz,0.0,34688,3559,40,40,1,267,267,4,0,0,0
nuscenes,scene-1094_011,tz,0.02,34688,3587,40,40,1,267,267,4,0,0,0
nuscenes,scene-1094_011,tz,0.05,34688,3620,40,40,1,267,267,4,0,0,0
nuscenes,scene-1094_011,tz,0.1,34688,3652,40,40,1,267,267,4,0,0,0
nuscenes,scene-1094_012,yaw,0.0,34752,3384,69,69,2,338,338,5,0,0,0
nuscenes,scene-1094_012,yaw,0.5,34752,3396,60,69,2,337,338,5,0,0,0
nuscenes,scene-1094_012,yaw,1.0,34752,3419,54,69,2,333,338,5,0,0,0
nuscenes,scene-1094_012,yaw,2.0,34752,3459,45,69,2,309,338,5,0,0,0
nuscenes,scene-1094_012,yaw,3.0,34752,3479,33,69,2,276,338,5,0,0,0
nuscenes,scene-1094_012,pitch,0.0,34752,3384,69,69,2,338,338,5,0,0,0
nuscenes,scene-1094_012,pitch,0.5,34752,3385,68,69,2,338,338,5,0,0,0
nuscenes,scene-1094_012,pitch,1.0,34752,3383,67,69,2,338,338,5,0,0,0
nuscenes,scene-1094_012,pitch,2.0,34752,3383,66,69,2,337,338,5,0,0,0
nuscenes,scene-1094_012,pitch,3.0,34752,3381,64,69,2,330,338,5,0,0,0
nuscenes,scene-1094_012,roll,0.0,34752,3384,69,69,2,338,338,5,0,0,0
nuscenes,scene-1094_012,roll,0.5,34752,3451,69,69,2,338,338,5,0,0,0
nuscenes,scene-1094_012,roll,1.0,34752,3481,69,69,2,336,338,5,0,0,0
nuscenes,scene-1094_012,roll,2.0,34752,3635,61,69,2,305,338,5,0,0,0
nuscenes,scene-1094_012,roll,3.0,34752,3772,45,69,2,213,338,5,0,0,0
nuscenes,scene-1094_012,tx,0.0,34752,3384,69,69,2,338,338,5,0,0,0
nuscenes,scene-1094_012,tx,0.02,34752,3381,69,69,2,338,338,5,0,0,0
nuscenes,scene-1094_012,tx,0.05,34752,3386,69,69,2,338,338,5,0,0,0
nuscenes,scene-1094_012,tx,0.1,34752,3380,69,69,2,338,338,5,0,0,0
nuscenes,scene-1094_012,ty,0.0,34752,3384,69,69,2,338,338,5,0,0,0
nuscenes,scene-1094_012,ty,0.02,34752,3397,69,69,2,338,338,5,0,0,0
nuscenes,scene-1094_012,ty,0.05,34752,3414,69,69,2,338,338,5,0,0,0
nuscenes,scene-1094_012,ty,0.1,34752,3448,69,69,2,338,338,5,0,0,0
nuscenes,scene-1094_012,tz,0.0,34752,3384,69,69,2,338,338,5,0,0,0
nuscenes,scene-1094_012,tz,0.02,34752,3413,69,69,2,338,338,5,0,0,0
nuscenes,scene-1094_012,tz,0.05,34752,3448,69,69,2,338,338,5,0,0,0
nuscenes,scene-1094_012,tz,0.1,34752,3480,69,69,2,338,338,5,0,0,0
nuscenes,scene-1094_013,yaw,0.0,34752,3177,201,201,2,245,245,4,25,25,2
nuscenes,scene-1094_013,yaw,0.5,34752,3181,194,201,2,245,245,4,25,25,2
nuscenes,scene-1094_013,yaw,1.0,34752,3187,184,201,2,244,245,4,24,25,2
nuscenes,scene-1094_013,yaw,2.0,34752,3203,157,201,2,234,245,4,16,25,2
nuscenes,scene-1094_013,yaw,3.0,34752,3223,129,201,2,216,245,4,7,25,2
nuscenes,scene-1094_013,pitch,0.0,34752,3177,201,201,2,245,245,4,25,25,2
nuscenes,scene-1094_013,pitch,0.5,34752,3175,201,201,2,245,245,4,25,25,2
nuscenes,scene-1094_013,pitch,1.0,34752,3179,201,201,2,245,245,4,25,25,2
nuscenes,scene-1094_013,pitch,2.0,34752,3178,200,201,2,245,245,4,24,25,2
nuscenes,scene-1094_013,pitch,3.0,34752,3176,200,201,2,233,245,4,8,25,2
nuscenes,scene-1094_013,roll,0.0,34752,3177,201,201,2,245,245,4,25,25,2
nuscenes,scene-1094_013,roll,0.5,34752,3246,201,201,2,245,245,4,25,25,2
nuscenes,scene-1094_013,roll,1.0,34752,3276,201,201,2,245,245,4,8,25,2
nuscenes,scene-1094_013,roll,2.0,34752,3424,198,201,2,235,245,4,8,25,2
nuscenes,scene-1094_013,roll,3.0,34752,3563,178,201,2,174,245,4,0,25,2
nuscenes,scene-1094_013,tx,0.0,34752,3177,201,201,2,245,245,4,25,25,2
nuscenes,scene-1094_013,tx,0.02,34752,3178,201,201,2,245,245,4,25,25,2
nuscenes,scene-1094_013,tx,0.05,34752,3174,201,201,2,245,245,4,25,25,2
nuscenes,scene-1094_013,tx,0.1,34752,3173,199,201,2,245,245,4,25,25,2
nuscenes,scene-1094_013,ty,0.0,34752,3177,201,201,2,245,245,4,25,25,2
nuscenes,scene-1094_013,ty,0.02,34752,3195,201,201,2,245,245,4,25,25,2
nuscenes,scene-1094_013,ty,0.05,34752,3211,201,201,2,245,245,4,25,25,2
nuscenes,scene-1094_013,ty,0.1,34752,3240,201,201,2,245,245,4,25,25,2
nuscenes,scene-1094_013,tz,0.0,34752,3177,201,201,2,245,245,4,25,25,2
nuscenes,scene-1094_013,tz,0.02,34752,3207,201,201,2,245,245,4,25,25,2
nuscenes,scene-1094_013,tz,0.05,34752,3241,201,201,2,245,245,4,25,25,2
nuscenes,scene-1094_013,tz,0.1,34752,3273,201,201,2,245,245,4,25,25,2
nuscenes,scene-1094_014,yaw,0.0,34720,2899,279,279,2,272,272,4,27,27,2
nuscenes,scene-1094_014,yaw,0.5,34720,2903,279,279,2,272,272,4,27,27,2
nuscenes,scene-1094_014,yaw,1.0,34720,2914,271,279,2,271,272,4,26,27,2
nuscenes,scene-1094_014,yaw,2.0,34720,2940,243,279,2,264,272,4,15,27,2
nuscenes,scene-1094_014,yaw,3.0,34720,2974,217,279,2,251,272,4,6,27,2
nuscenes,scene-1094_014,pitch,0.0,34720,2899,279,279,2,272,272,4,27,27,2
nuscenes,scene-1094_014,pitch,0.5,34720,2897,279,279,2,272,272,4,27,27,2
nuscenes,scene-1094_014,pitch,1.0,34720,2899,279,279,2,272,272,4,27,27,2
nuscenes,scene-1094_014,pitch,2.0,34720,2900,279,279,2,266,272,4,27,27,2
nuscenes,scene-1094_014,pitch,3.0,34720,2904,279,279,2,257,272,4,27,27,2
nuscenes,scene-1094_014,roll,0.0,34720,2899,279,279,2,272,272,4,27,27,2
nuscenes,scene-1094_014,roll,0.5,34720,2969,279,279,2,272,272,4,27,27,2
nuscenes,scene-1094_014,roll,1.0,34720,3000,279,279,2,272,272,4,10,27,2
nuscenes,scene-1094_014,roll,2.0,34720,3147,260,279,2,268,272,4,5,27,2
nuscenes,scene-1094_014,roll,3.0,34720,3284,245,279,2,236,272,4,1,27,2
nuscenes,scene-1094_014,tx,0.0,34720,2899,279,279,2,272,272,4,27,27,2
nuscenes,scene-1094_014,tx,0.02,34720,2899,279,279,2,272,272,4,27,27,2
nuscenes,scene-1094_014,tx,0.05,34720,2894,279,279,2,272,272,4,27,27,2
nuscenes,scene-1094_014,tx,0.1,34720,2892,278,279,2,272,272,4,27,27,2
nuscenes,scene-1094_014,ty,0.0,34720,2899,279,279,2,272,272,4,27,27,2
nuscenes,scene-1094_014,ty,0.02,34720,2910,279,279,2,272,272,4,27,27,2
nuscenes,scene-1094_014,ty,0.05,34720,2928,279,279,2,272,272,4,27,27,2
nuscenes,scene-1094_014,ty,0.1,34720,2969,279,279,2,272,272,4,27,27,2
nuscenes,scene-1094_014,tz,0.0,34720,2899,279,279,2,272,272,4,27,27,2
nuscenes,scene-1094_014,tz,0.02,34720,2931,279,279,2,272,272,4,27,27,2
nuscenes,scene-1094_014,tz,0.05,34720,2969,279,279,2,272,272,4,27,27,2
nuscenes,scene-1094_014,tz,0.1,34720,3003,279,279,2,272,272,4,27,27,2
nuscenes,scene-1094_015,yaw,0.0,34752,2825,361,361,2,89,89,3,29,29,2
nuscenes,scene-1094_015,yaw,0.5,34752,2838,359,361,2,87,89,3,29,29,2
nuscenes,scene-1094_015,yaw,1.0,34752,2832,350,361,2,85,89,3,28,29,2
nuscenes,scene-1094_015,yaw,2.0,34752,2830,335,361,2,73,89,3,21,29,2
nuscenes,scene-1094_015,yaw,3.0,34752,2825,305,361,2,58,89,3,12,29,2
nuscenes,scene-1094_015,pitch,0.0,34752,2825,361,361,2,89,89,3,29,29,2
nuscenes,scene-1094_015,pitch,0.5,34752,2826,361,361,2,89,89,3,29,29,2
nuscenes,scene-1094_015,pitch,1.0,34752,2833,359,361,2,89,89,3,29,29,2
nuscenes,scene-1094_015,pitch,2.0,34752,2836,358,361,2,89,89,3,29,29,2
nuscenes,scene-1094_015,pitch,3.0,34752,2837,346,361,2,89,89,3,29,29,2
nuscenes,scene-1094_015,roll,0.0,34752,2825,361,361,2,89,89,3,29,29,2
nuscenes,scene-1094_015,roll,0.5,34752,2899,361,361,2,89,89,3,29,29,2
nuscenes,scene-1094_015,roll,1.0,34752,2934,361,361,2,89,89,3,21,29,2
nuscenes,scene-1094_015,roll,2.0,34752,3081,346,361,2,86,89,3,4,29,2
nuscenes,scene-1094_015,roll,3.0,34752,3209,319,361,2,57,89,3,0,29,2
nuscenes,scene-1094_015,tx,0.0,34752,2825,361,361,2,89,89,3,29,29,2
nuscenes,scene-1094_015,tx,0.02,34752,2826,360,361,2,89,89,3,29,29,2
nuscenes,scene-1094_015,tx,0.05,34752,2824,356,361,2,89,89,3,29,29,2
nuscenes,scene-1094_015,tx,0.1,34752,2820,354,361,2,85,89,3,29,29,2
nuscenes,scene-1094_015,ty,0.0,34752,2825,361,361,2,89,89,3,29,29,2
nuscenes,scene-1094_015,ty,0.02,34752,2842,361,361,2,89,89,3,29,29,2
nuscenes,scene-1094_015,ty,0.05,34752,2865,361,361,2,89,89,3,29,29,2
nuscenes,scene-1094_015,ty,0.1,34752,2902,361,361,2,89,89,3,29,29,2
nuscenes,scene-1094_015,tz,0.0,34752,2825,361,361,2,89,89,3,29,29,2
nuscenes,scene-1094_015,tz,0.02,34752,2859,361,361,2,89,89,3,29,29,2
nuscenes,scene-1094_015,tz,0.05,34752,2896,361,361,2,89,89,3,29,29,2
nuscenes,scene-1094_015,tz,0.1,34752,2930,361,361,2,89,89,3,29,29,2
nuscenes,scene-1094_016,yaw,0.0,34816,2790,15,16,1,137,137,4,17,17,1
nuscenes,scene-1094_016,yaw,0.5,34816,2791,16,16,1,136,137,4,17,17,1
nuscenes,scene-1094_016,yaw,1.0,34816,2802,6,16,1,133,137,4,14,17,1
nuscenes,scene-1094_016,yaw,2.0,34816,2825,0,16,1,121,137,4,9,17,1
nuscenes,scene-1094_016,yaw,3.0,34816,2830,0,16,1,102,137,4,6,17,1
nuscenes,scene-1094_016,pitch,0.0,34816,2790,15,16,1,137,137,4,17,17,1
nuscenes,scene-1094_016,pitch,0.5,34816,2792,16,16,1,137,137,4,17,17,1
nuscenes,scene-1094_016,pitch,1.0,34816,2798,16,16,1,137,137,4,17,17,1
nuscenes,scene-1094_016,pitch,2.0,34816,2797,15,16,1,123,137,4,17,17,1
nuscenes,scene-1094_016,pitch,3.0,34816,2801,15,16,1,121,137,4,17,17,1
nuscenes,scene-1094_016,roll,0.0,34816,2790,15,16,1,137,137,4,17,17,1
nuscenes,scene-1094_016,roll,0.5,34816,2856,15,16,1,132,137,4,17,17,1
nuscenes,scene-1094_016,roll,1.0,34816,2889,16,16,1,132,137,4,4,17,1
nuscenes,scene-1094_016,roll,2.0,34816,3038,15,16,1,120,137,4,4,17,1
nuscenes,scene-1094_016,roll,3.0,34816,3170,14,16,1,77,137,4,0,17,1
nuscenes,scene-1094_016,tx,0.0,34816,2790,15,16,1,137,137,4,17,17,1
nuscenes,scene-1094_016,tx,0.02,34816,2787,10,16,1,137,137,4,17,17,1
nuscenes,scene-1094_016,tx,0.05,34816,2790,10,16,1,137,137,4,17,17,1
nuscenes,scene-1094_016,tx,0.1,34816,2791,5,16,1,136,137,4,17,17,1
nuscenes,scene-1094_016,ty,0.0,34816,2790,15,16,1,137,137,4,17,17,1
nuscenes,scene-1094_016,ty,0.02,34816,2803,16,16,1,137,137,4,17,17,1
nuscenes,scene-1094_016,ty,0.05,34816,2826,16,16,1,137,137,4,17,17,1
nuscenes,scene-1094_016,ty,0.1,34816,2861,16,16,1,137,137,4,17,17,1
nuscenes,scene-1094_016,tz,0.0,34816,2790,15,16,1,137,137,4,17,17,1
nuscenes,scene-1094_016,tz,0.02,34816,2821,15,16,1,137,137,4,17,17,1
nuscenes,scene-1094_016,tz,0.05,34816,2856,15,16,1,137,137,4,17,17,1
nuscenes,scene-1094_016,tz,0.1,34816,2888,15,16,1,137,137,4,17,17,1
nuscenes,scene-1094_017,yaw,0.0,34752,2795,0,0,0,113,113,3,16,16,1
nuscenes,scene-1094_017,yaw,0.5,34752,2793,0,0,0,112,113,3,16,16,1
nuscenes,scene-1094_017,yaw,1.0,34752,2791,0,0,0,105,113,3,16,16,1
nuscenes,scene-1094_017,yaw,2.0,34752,2786,0,0,0,97,113,3,14,16,1
nuscenes,scene-1094_017,yaw,3.0,34752,2786,0,0,0,78,113,3,9,16,1
nuscenes,scene-1094_017,pitch,0.0,34752,2795,0,0,0,113,113,3,16,16,1
nuscenes,scene-1094_017,pitch,0.5,34752,2795,0,0,0,113,113,3,16,16,1
nuscenes,scene-1094_017,pitch,1.0,34752,2800,0,0,0,113,113,3,16,16,1
nuscenes,scene-1094_017,pitch,2.0,34752,2805,0,0,0,111,113,3,16,16,1
nuscenes,scene-1094_017,pitch,3.0,34752,2809,0,0,0,109,113,3,16,16,1
nuscenes,scene-1094_017,roll,0.0,34752,2795,0,0,0,113,113,3,16,16,1
nuscenes,scene-1094_017,roll,0.5,34752,2857,0,0,0,113,113,3,16,16,1
nuscenes,scene-1094_017,roll,1.0,34752,2887,0,0,0,104,113,3,16,16,1
nuscenes,scene-1094_017,roll,2.0,34752,3036,0,0,0,99,113,3,4,16,1
nuscenes,scene-1094_017,roll,3.0,34752,3173,0,0,0,51,113,3,0,16,1
nuscenes,scene-1094_017,tx,0.0,34752,2795,0,0,0,113,113,3,16,16,1
nuscenes,scene-1094_017,tx,0.02,34752,2791,0,0,0,113,113,3,16,16,1
nuscenes,scene-1094_017,tx,0.05,34752,2797,0,0,0,113,113,3,16,16,1
nuscenes,scene-1094_017,tx,0.1,34752,2796,0,0,0,111,113,3,16,16,1
nuscenes,scene-1094_017,ty,0.0,34752,2795,0,0,0,113,113,3,16,16,1
nuscenes,scene-1094_017,ty,0.02,34752,2807,0,0,0,113,113,3,16,16,1
nuscenes,scene-1094_017,ty,0.05,34752,2828,0,0,0,113,113,3,16,16,1
nuscenes,scene-1094_017,ty,0.1,34752,2862,0,0,0,113,113,3,16,16,1
nuscenes,scene-1094_017,tz,0.0,34752,2795,0,0,0,113,113,3,16,16,1
nuscenes,scene-1094_017,tz,0.02,34752,2824,0,0,0,113,113,3,16,16,1
nuscenes,scene-1094_017,tz,0.05,34752,2856,0,0,0,113,113,3,16,16,1
nuscenes,scene-1094_017,tz,0.1,34752,2896,0,0,0,113,113,3,16,16,1
nuscenes,scene-1094_018,yaw,0.0,34688,2766,0,0,0,95,95,3,0,0,0
nuscenes,scene-1094_018,yaw,0.5,34688,2757,0,0,0,92,95,3,0,0,0
nuscenes,scene-1094_018,yaw,1.0,34688,2757,0,0,0,89,95,3,0,0,0
nuscenes,scene-1094_018,yaw,2.0,34688,2740,0,0,0,79,95,3,0,0,0
nuscenes,scene-1094_018,yaw,3.0,34688,2728,0,0,0,63,95,3,0,0,0
nuscenes,scene-1094_018,pitch,0.0,34688,2766,0,0,0,95,95,3,0,0,0
nuscenes,scene-1094_018,pitch,0.5,34688,2769,0,0,0,95,95,3,0,0,0
nuscenes,scene-1094_018,pitch,1.0,34688,2772,0,0,0,95,95,3,0,0,0
nuscenes,scene-1094_018,pitch,2.0,34688,2772,0,0,0,94,95,3,0,0,0
nuscenes,scene-1094_018,pitch,3.0,34688,2774,0,0,0,93,95,3,0,0,0
nuscenes,scene-1094_018,roll,0.0,34688,2766,0,0,0,95,95,3,0,0,0
nuscenes,scene-1094_018,roll,0.5,34688,2822,0,0,0,95,95,3,0,0,0
nuscenes,scene-1094_018,roll,1.0,34688,2851,0,0,0,85,95,3,0,0,0
nuscenes,scene-1094_018,roll,2.0,34688,3006,0,0,0,75,95,3,0,0,0
nuscenes,scene-1094_018,roll,3.0,34688,3143,0,0,0,72,95,3,0,0,0
nuscenes,scene-1094_018,tx,0.0,34688,2766,0,0,0,95,95,3,0,0,0
nuscenes,scene-1094_018,tx,0.02,34688,2765,0,0,0,95,95,3,0,0,0
nuscenes,scene-1094_018,tx,0.05,34688,2763,0,0,0,94,95,3,0,0,0
nuscenes,scene-1094_018,tx,0.1,34688,2764,0,0,0,94,95,3,0,0,0
nuscenes,scene-1094_018,ty,0.0,34688,2766,0,0,0,95,95,3,0,0,0
nuscenes,scene-1094_018,ty,0.02,34688,2778,0,0,0,95,95,3,0,0,0
nuscenes,scene-1094_018,ty,0.05,34688,2796,0,0,0,95,95,3,0,0,0
nuscenes,scene-1094_018,ty,0.1,34688,2827,0,0,0,95,95,3,0,0,0
nuscenes,scene-1094_018,tz,0.0,34688,2766,0,0,0,95,95,3,0,0,0
nuscenes,scene-1094_018,tz,0.02,34688,2794,0,0,0,95,95,3,0,0,0
nuscenes,scene-1094_018,tz,0.05,34688,2822,0,0,0,95,95,3,0,0,0
nuscenes,scene-1094_018,tz,0.1,34688,2881,0,0,0,95,95,3,0,0,0
nuscenes,scene-1094_019,yaw,0.0,34688,2829,0,0,0,113,113,4,0,0,0
nuscenes,scene-1094_019,yaw,0.5,34688,2823,0,0,0,109,113,4,0,0,0
nuscenes,scene-1094_019,yaw,1.0,34688,2814,0,0,0,103,113,4,0,0,0
nuscenes,scene-1094_019,yaw,2.0,34688,2804,0,0,0,86,113,4,0,0,0
nuscenes,scene-1094_019,yaw,3.0,34688,2785,0,0,0,62,113,4,0,0,0
nuscenes,scene-1094_019,pitch,0.0,34688,2829,0,0,0,113,113,4,0,0,0
nuscenes,scene-1094_019,pitch,0.5,34688,2833,0,0,0,113,113,4,0,0,0
nuscenes,scene-1094_019,pitch,1.0,34688,2834,0,0,0,112,113,4,0,0,0
nuscenes,scene-1094_019,pitch,2.0,34688,2832,0,0,0,109,113,4,0,0,0
nuscenes,scene-1094_019,pitch,3.0,34688,2836,0,0,0,107,113,4,0,0,0
nuscenes,scene-1094_019,roll,0.0,34688,2829,0,0,0,113,113,4,0,0,0
nuscenes,scene-1094_019,roll,0.5,34688,2884,0,0,0,113,113,4,0,0,0
nuscenes,scene-1094_019,roll,1.0,34688,2913,0,0,0,113,113,4,0,0,0
nuscenes,scene-1094_019,roll,2.0,34688,3067,0,0,0,90,113,4,0,0,0
nuscenes,scene-1094_019,roll,3.0,34688,3203,0,0,0,71,113,4,0,0,0
nuscenes,scene-1094_019,tx,0.0,34688,2829,0,0,0,113,113,4,0,0,0
nuscenes,scene-1094_019,tx,0.02,34688,2830,0,0,0,113,113,4,0,0,0
nuscenes,scene-1094_019,tx,0.05,34688,2835,0,0,0,113,113,4,0,0,0
nuscenes,scene-1094_019,tx,0.1,34688,2837,0,0,0,112,113,4,0,0,0
nuscenes,scene-1094_019,ty,0.0,34688,2829,0,0,0,113,113,4,0,0,0
nuscenes,scene-1094_019,ty,0.02,34688,2841,0,0,0,113,113,4,0,0,0
nuscenes,scene-1094_019,ty,0.05,34688,2860,0,0,0,113,113,4,0,0,0
nuscenes,scene-1094_019,ty,0.1,34688,2892,0,0,0,113,113,4,0,0,0
nuscenes,scene-1094_019,tz,0.0,34688,2829,0,0,0,113,113,4,0,0,0
nuscenes,scene-1094_019,tz,0.02,34688,2856,0,0,0,113,113,4,0,0,0
nuscenes,scene-1094_019,tz,0.05,34688,2884,0,0,0,113,113,4,0,0,0
nuscenes,scene-1094_019,tz,0.1,34688,2936,0,0,0,113,113,4,0,0,0
nuscenes,scene-1094_020,yaw,0.0,34720,2805,0,0,0,83,83,3,0,0,0
nuscenes,scene-1094_020,yaw,0.5,34720,2792,0,0,0,80,83,3,0,0,0
nuscenes,scene-1094_020,yaw,1.0,34720,2793,0,0,0,77,83,3,0,0,0
nuscenes,scene-1094_020,yaw,2.0,34720,2783,0,0,0,63,83,3,0,0,0
nuscenes,scene-1094_020,yaw,3.0,34720,2765,0,0,0,51,83,3,0,0,0
nuscenes,scene-1094_020,pitch,0.0,34720,2805,0,0,0,83,83,3,0,0,0
nuscenes,scene-1094_020,pitch,0.5,34720,2810,0,0,0,82,83,3,0,0,0
nuscenes,scene-1094_020,pitch,1.0,34720,2810,0,0,0,82,83,3,0,0,0
nuscenes,scene-1094_020,pitch,2.0,34720,2813,0,0,0,82,83,3,0,0,0
nuscenes,scene-1094_020,pitch,3.0,34720,2810,0,0,0,78,83,3,0,0,0
nuscenes,scene-1094_020,roll,0.0,34720,2805,0,0,0,83,83,3,0,0,0
nuscenes,scene-1094_020,roll,0.5,34720,2858,0,0,0,77,83,3,0,0,0
nuscenes,scene-1094_020,roll,1.0,34720,2889,0,0,0,77,83,3,0,0,0
nuscenes,scene-1094_020,roll,2.0,34720,3044,0,0,0,60,83,3,0,0,0
nuscenes,scene-1094_020,roll,3.0,34720,3180,0,0,0,45,83,3,0,0,0
nuscenes,scene-1094_020,tx,0.0,34720,2805,0,0,0,83,83,3,0,0,0
nuscenes,scene-1094_020,tx,0.02,34720,2805,0,0,0,83,83,3,0,0,0
nuscenes,scene-1094_020,tx,0.05,34720,2812,0,0,0,82,83,3,0,0,0
nuscenes,scene-1094_020,tx,0.1,34720,2818,0,0,0,80,83,3,0,0,0
nuscenes,scene-1094_020,ty,0.0,34720,2805,0,0,0,83,83,3,0,0,0
nuscenes,scene-1094_020,ty,0.02,34720,2820,0,0,0,83,83,3,0,0,0
nuscenes,scene-1094_020,ty,0.05,34720,2846,0,0,0,83,83,3,0,0,0
nuscenes,scene-1094_020,ty,0.1,34720,2878,0,0,0,83,83,3,0,0,0
nuscenes,scene-1094_020,tz,0.0,34720,2805,0,0,0,83,83,3,0,0,0
nuscenes,scene-1094_020,tz,0.02,34720,2833,0,0,0,83,83,3,0,0,0
nuscenes,scene-1094_020,tz,0.05,34720,2860,0,0,0,83,83,3,0,0,0
nuscenes,scene-1094_020,tz,0.1,34720,2922,0,0,0,83,83,3,0,0,0
nuscenes,scene-1094_021,yaw,0.0,34688,2784,0,0,0,80,80,3,0,0,0
nuscenes,scene-1094_021,yaw,0.5,34688,2784,0,0,0,76,80,3,0,0,0
nuscenes,scene-1094_021,yaw,1.0,34688,2790,0,0,0,72,80,3,0,0,0
nuscenes,scene-1094_021,yaw,2.0,34688,2771,0,0,0,52,80,3,0,0,0
nuscenes,scene-1094_021,yaw,3.0,34688,2762,0,0,0,31,80,3,0,0,0
nuscenes,scene-1094_021,pitch,0.0,34688,2784,0,0,0,80,80,3,0,0,0
nuscenes,scene-1094_021,pitch,0.5,34688,2783,0,0,0,80,80,3,0,0,0
nuscenes,scene-1094_021,pitch,1.0,34688,2779,0,0,0,80,80,3,0,0,0
nuscenes,scene-1094_021,pitch,2.0,34688,2773,0,0,0,79,80,3,0,0,0
nuscenes,scene-1094_021,pitch,3.0,34688,2775,0,0,0,76,80,3,0,0,0
nuscenes,scene-1094_021,roll,0.0,34688,2784,0,0,0,80,80,3,0,0,0
nuscenes,scene-1094_021,roll,0.5,34688,2841,0,0,0,76,80,3,0,0,0
nuscenes,scene-1094_021,roll,1.0,34688,2866,0,0,0,71,80,3,0,0,0
nuscenes,scene-1094_021,roll,2.0,34688,3015,0,0,0,70,80,3,0,0,0
nuscenes,scene-1094_021,roll,3.0,34688,3147,0,0,0,48,80,3,0,0,0
nuscenes,scene-1094_021,tx,0.0,34688,2784,0,0,0,80,80,3,0,0,0
nuscenes,scene-1094_021,tx,0.02,34688,2783,0,0,0,80,80,3,0,0,0
nuscenes,scene-1094_021,tx,0.05,34688,2782,0,0,0,79,80,3,0,0,0
nuscenes,scene-1094_021,tx,0.1,34688,2783,0,0,0,79,80,3,0,0,0
nuscenes,scene-1094_021,ty,0.0,34688,2784,0,0,0,80,80,3,0,0,0
nuscenes,scene-1094_021,ty,0.02,34688,2798,0,0,0,80,80,3,0,0,0
nuscenes,scene-1094_021,ty,0.05,34688,2815,0,0,0,80,80,3,0,0,0
nuscenes,scene-1094_021,ty,0.1,34688,2846,0,0,0,80,80,3,0,0,0
nuscenes,scene-1094_021,tz,0.0,34688,2784,0,0,0,80,80,3,0,0,0
nuscenes,scene-1094_021,tz,0.02,34688,2813,0,0,0,80,80,3,0,0,0
nuscenes,scene-1094_021,tz,0.05,34688,2841,0,0,0,80,80,3,0,0,0
nuscenes,scene-1094_021,tz,0.1,34688,2868,0,0,0,80,80,3,0,0,0
nuscenes,scene-1094_022,yaw,0.0,34656,2873,0,0,0,47,47,2,0,0,0
nuscenes,scene-1094_022,yaw,0.5,34656,2866,0,0,0,44,47,2,0,0,0
nuscenes,scene-1094_022,yaw,1.0,34656,2865,0,0,0,44,47,2,0,0,0
nuscenes,scene-1094_022,yaw,2.0,34656,2861,0,0,0,38,47,2,0,0,0
nuscenes,scene-1094_022,yaw,3.0,34656,2854,0,0,0,29,47,2,0,0,0
nuscenes,scene-1094_022,pitch,0.0,34656,2873,0,0,0,47,47,2,0,0,0
nuscenes,scene-1094_022,pitch,0.5,34656,2872,0,0,0,47,47,2,0,0,0
nuscenes,scene-1094_022,pitch,1.0,34656,2872,0,0,0,47,47,2,0,0,0
nuscenes,scene-1094_022,pitch,2.0,34656,2875,0,0,0,46,47,2,0,0,0
nuscenes,scene-1094_022,pitch,3.0,34656,2875,0,0,0,46,47,2,0,0,0
nuscenes,scene-1094_022,roll,0.0,34656,2873,0,0,0,47,47,2,0,0,0
nuscenes,scene-1094_022,roll,0.5,34656,2921,0,0,0,47,47,2,0,0,0
nuscenes,scene-1094_022,roll,1.0,34656,2954,0,0,0,46,47,2,0,0,0
nuscenes,scene-1094_022,roll,2.0,34656,3097,0,0,0,46,47,2,0,0,0
nuscenes,scene-1094_022,roll,3.0,34656,3229,0,0,0,23,47,2,0,0,0
nuscenes,scene-1094_022,tx,0.0,34656,2873,0,0,0,47,47,2,0,0,0
nuscenes,scene-1094_022,tx,0.02,34656,2880,0,0,0,47,47,2,0,0,0
nuscenes,scene-1094_022,tx,0.05,34656,2879,0,0,0,47,47,2,0,0,0
nuscenes,scene-1094_022,tx,0.1,34656,2882,0,0,0,47,47,2,0,0,0
nuscenes,scene-1094_022,ty,0.0,34656,2873,0,0,0,47,47,2,0,0,0
nuscenes,scene-1094_022,ty,0.02,34656,2889,0,0,0,47,47,2,0,0,0
nuscenes,scene-1094_022,ty,0.05,34656,2908,0,0,0,47,47,2,0,0,0
nuscenes,scene-1094_022,ty,0.1,34656,2933,0,0,0,47,47,2,0,0,0
nuscenes,scene-1094_022,tz,0.0,34656,2873,0,0,0,47,47,2,0,0,0
nuscenes,scene-1094_022,tz,0.02,34656,2898,0,0,0,47,47,2,0,0,0
nuscenes,scene-1094_022,tz,0.05,34656,2922,0,0,0,47,47,2,0,0,0
nuscenes,scene-1094_022,tz,0.1,34656,2957,0,0,0,47,47,2,0,0,0
nuscenes,scene-1094_023,yaw,0.0,34688,2989,0,0,0,28,28,2,0,0,0
nuscenes,scene-1094_023,yaw,0.5,34688,2977,0,0,0,26,28,2,0,0,0
nuscenes,scene-1094_023,yaw,1.0,34688,2969,0,0,0,25,28,2,0,0,0
nuscenes,scene-1094_023,yaw,2.0,34688,2948,0,0,0,15,28,2,0,0,0
nuscenes,scene-1094_023,yaw,3.0,34688,2932,0,0,0,7,28,2,0,0,0
nuscenes,scene-1094_023,pitch,0.0,34688,2989,0,0,0,28,28,2,0,0,0
nuscenes,scene-1094_023,pitch,0.5,34688,2992,0,0,0,28,28,2,0,0,0
nuscenes,scene-1094_023,pitch,1.0,34688,2990,0,0,0,28,28,2,0,0,0
nuscenes,scene-1094_023,pitch,2.0,34688,2993,0,0,0,28,28,2,0,0,0
nuscenes,scene-1094_023,pitch,3.0,34688,2998,0,0,0,28,28,2,0,0,0
nuscenes,scene-1094_023,roll,0.0,34688,2989,0,0,0,28,28,2,0,0,0
nuscenes,scene-1094_023,roll,0.5,34688,3047,0,0,0,28,28,2,0,0,0
nuscenes,scene-1094_023,roll,1.0,34688,3079,0,0,0,28,28,2,0,0,0
nuscenes,scene-1094_023,roll,2.0,34688,3224,0,0,0,27,28,2,0,0,0
nuscenes,scene-1094_023,roll,3.0,34688,3362,0,0,0,14,28,2,0,0,0
nuscenes,scene-1094_023,tx,0.0,34688,2989,0,0,0,28,28,2,0,0,0
nuscenes,scene-1094_023,tx,0.02,34688,2991,0,0,0,28,28,2,0,0,0
nuscenes,scene-1094_023,tx,0.05,34688,2989,0,0,0,28,28,2,0,0,0
nuscenes,scene-1094_023,tx,0.1,34688,2989,0,0,0,25,28,2,0,0,0
nuscenes,scene-1094_023,ty,0.0,34688,2989,0,0,0,28,28,2,0,0,0
nuscenes,scene-1094_023,ty,0.02,34688,3003,0,0,0,28,28,2,0,0,0
nuscenes,scene-1094_023,ty,0.05,34688,3018,0,0,0,28,28,2,0,0,0
nuscenes,scene-1094_023,ty,0.1,34688,3050,0,0,0,28,28,2,0,0,0
nuscenes,scene-1094_023,tz,0.0,34688,2989,0,0,0,28,28,2,0,0,0
nuscenes,scene-1094_023,tz,0.02,34688,3015,0,0,0,28,28,2,0,0,0
nuscenes,scene-1094_023,tz,0.05,34688,3044,0,0,0,28,28,2,0,0,0
nuscenes,scene-1094_023,tz,0.1,34688,3100,0,0,0,28,28,2,0,0,0
nuscenes,scene-1094_024,yaw,0.0,34688,2983,0,0,0,45,45,2,0,0,0
nuscenes,scene-1094_024,yaw,0.5,34688,2968,0,0,0,43,45,2,0,0,0
nuscenes,scene-1094_024,yaw,1.0,34688,2959,0,0,0,38,45,2,0,0,0
nuscenes,scene-1094_024,yaw,2.0,34688,2930,0,0,0,22,45,2,0,0,0
nuscenes,scene-1094_024,yaw,3.0,34688,2924,0,0,0,10,45,2,0,0,0
nuscenes,scene-1094_024,pitch,0.0,34688,2983,0,0,0,45,45,2,0,0,0
nuscenes,scene-1094_024,pitch,0.5,34688,2986,0,0,0,45,45,2,0,0,0
nuscenes,scene-1094_024,pitch,1.0,34688,2989,0,0,0,45,45,2,0,0,0
nuscenes,scene-1094_024,pitch,2.0,34688,2996,0,0,0,45,45,2,0,0,0
nuscenes,scene-1094_024,pitch,3.0,34688,2998,0,0,0,44,45,2,0,0,0
nuscenes,scene-1094_024,roll,0.0,34688,2983,0,0,0,45,45,2,0,0,0
nuscenes,scene-1094_024,roll,0.5,34688,3051,0,0,0,45,45,2,0,0,0
nuscenes,scene-1094_024,roll,1.0,34688,3081,0,0,0,44,45,2,0,0,0
nuscenes,scene-1094_024,roll,2.0,34688,3230,0,0,0,35,45,2,0,0,0
nuscenes,scene-1094_024,roll,3.0,34688,3358,0,0,0,31,45,2,0,0,0
nuscenes,scene-1094_024,tx,0.0,34688,2983,0,0,0,45,45,2,0,0,0
nuscenes,scene-1094_024,tx,0.02,34688,2983,0,0,0,45,45,2,0,0,0
nuscenes,scene-1094_024,tx,0.05,34688,2986,0,0,0,44,45,2,0,0,0
nuscenes,scene-1094_024,tx,0.1,34688,2986,0,0,0,44,45,2,0,0,0
nuscenes,scene-1094_024,ty,0.0,34688,2983,0,0,0,45,45,2,0,0,0
nuscenes,scene-1094_024,ty,0.02,34688,2998,0,0,0,45,45,2,0,0,0
nuscenes,scene-1094_024,ty,0.05,34688,3014,0,0,0,45,45,2,0,0,0
nuscenes,scene-1094_024,ty,0.1,34688,3049,0,0,0,45,45,2,0,0,0
nuscenes,scene-1094_024,tz,0.0,34688,2983,0,0,0,45,45,2,0,0,0
nuscenes,scene-1094_024,tz,0.02,34688,3014,0,0,0,45,45,2,0,0,0
nuscenes,scene-1094_024,tz,0.05,34688,3048,0,0,0,45,45,2,0,0,0
nuscenes,scene-1094_024,tz,0.1,34688,3080,0,0,0,45,45,2,0,0,0
nuscenes,scene-1094_025,yaw,0.0,34720,2993,19,19,1,42,42,1,0,0,0
nuscenes,scene-1094_025,yaw,0.5,34720,2984,19,19,1,39,42,1,0,0,0
nuscenes,scene-1094_025,yaw,1.0,34720,2974,18,19,1,36,42,1,0,0,0
nuscenes,scene-1094_025,yaw,2.0,34720,2956,11,19,1,25,42,1,0,0,0
nuscenes,scene-1094_025,yaw,3.0,34720,2923,2,19,1,13,42,1,0,0,0
nuscenes,scene-1094_025,pitch,0.0,34720,2993,19,19,1,42,42,1,0,0,0
nuscenes,scene-1094_025,pitch,0.5,34720,2994,19,19,1,42,42,1,0,0,0
nuscenes,scene-1094_025,pitch,1.0,34720,2995,19,19,1,42,42,1,0,0,0
nuscenes,scene-1094_025,pitch,2.0,34720,2994,19,19,1,37,42,1,0,0,0
nuscenes,scene-1094_025,pitch,3.0,34720,2997,17,19,1,34,42,1,0,0,0
nuscenes,scene-1094_025,roll,0.0,34720,2993,19,19,1,42,42,1,0,0,0
nuscenes,scene-1094_025,roll,0.5,34720,3053,19,19,1,42,42,1,0,0,0
nuscenes,scene-1094_025,roll,1.0,34720,3081,19,19,1,35,42,1,0,0,0
nuscenes,scene-1094_025,roll,2.0,34720,3223,17,19,1,26,42,1,0,0,0
nuscenes,scene-1094_025,roll,3.0,34720,3347,13,19,1,26,42,1,0,0,0
nuscenes,scene-1094_025,tx,0.0,34720,2993,19,19,1,42,42,1,0,0,0
nuscenes,scene-1094_025,tx,0.02,34720,2992,19,19,1,42,42,1,0,0,0
nuscenes,scene-1094_025,tx,0.05,34720,2996,19,19,1,41,42,1,0,0,0
nuscenes,scene-1094_025,tx,0.1,34720,2991,19,19,1,41,42,1,0,0,0
nuscenes,scene-1094_025,ty,0.0,34720,2993,19,19,1,42,42,1,0,0,0
nuscenes,scene-1094_025,ty,0.02,34720,3005,19,19,1,42,42,1,0,0,0
nuscenes,scene-1094_025,ty,0.05,34720,3024,19,19,1,42,42,1,0,0,0
nuscenes,scene-1094_025,ty,0.1,34720,3061,19,19,1,42,42,1,0,0,0
nuscenes,scene-1094_025,tz,0.0,34720,2993,19,19,1,42,42,1,0,0,0
nuscenes,scene-1094_025,tz,0.02,34720,3023,19,19,1,42,42,1,0,0,0
nuscenes,scene-1094_025,tz,0.05,34720,3053,19,19,1,42,42,1,0,0,0
nuscenes,scene-1094_025,tz,0.1,34720,3084,19,19,1,42,42,1,0,0,0
nuscenes,scene-1094_026,yaw,0.0,34752,3004,0,0,0,30,30,1,0,0,0
nuscenes,scene-1094_026,yaw,0.5,34752,3000,0,0,0,28,30,1,0,0,0
nuscenes,scene-1094_026,yaw,1.0,34752,2992,0,0,0,27,30,1,0,0,0
nuscenes,scene-1094_026,yaw,2.0,34752,2972,0,0,0,20,30,1,0,0,0
nuscenes,scene-1094_026,yaw,3.0,34752,2952,0,0,0,11,30,1,0,0,0
nuscenes,scene-1094_026,pitch,0.0,34752,3004,0,0,0,30,30,1,0,0,0
nuscenes,scene-1094_026,pitch,0.5,34752,3004,0,0,0,30,30,1,0,0,0
nuscenes,scene-1094_026,pitch,1.0,34752,3005,0,0,0,30,30,1,0,0,0
nuscenes,scene-1094_026,pitch,2.0,34752,3008,0,0,0,30,30,1,0,0,0
nuscenes,scene-1094_026,pitch,3.0,34752,3017,0,0,0,30,30,1,0,0,0
nuscenes,scene-1094_026,roll,0.0,34752,3004,0,0,0,30,30,1,0,0,0
nuscenes,scene-1094_026,roll,0.5,34752,3064,0,0,0,30,30,1,0,0,0
nuscenes,scene-1094_026,roll,1.0,34752,3095,0,0,0,21,30,1,0,0,0
nuscenes,scene-1094_026,roll,2.0,34752,3238,0,0,0,10,30,1,0,0,0
nuscenes,scene-1094_026,roll,3.0,34752,3360,0,0,0,10,30,1,0,0,0
nuscenes,scene-1094_026,tx,0.0,34752,3004,0,0,0,30,30,1,0,0,0
nuscenes,scene-1094_026,tx,0.02,34752,3002,0,0,0,30,30,1,0,0,0
nuscenes,scene-1094_026,tx,0.05,34752,3008,0,0,0,30,30,1,0,0,0
nuscenes,scene-1094_026,tx,0.1,34752,3006,0,0,0,30,30,1,0,0,0
nuscenes,scene-1094_026,ty,0.0,34752,3004,0,0,0,30,30,1,0,0,0
nuscenes,scene-1094_026,ty,0.02,34752,3017,0,0,0,30,30,1,0,0,0
nuscenes,scene-1094_026,ty,0.05,34752,3037,0,0,0,30,30,1,0,0,0
nuscenes,scene-1094_026,ty,0.1,34752,3074,0,0,0,30,30,1,0,0,0
nuscenes,scene-1094_026,tz,0.0,34752,3004,0,0,0,30,30,1,0,0,0
nuscenes,scene-1094_026,tz,0.02,34752,3036,0,0,0,30,30,1,0,0,0
nuscenes,scene-1094_026,tz,0.05,34752,3062,0,0,0,30,30,1,0,0,0
nuscenes,scene-1094_026,tz,0.1,34752,3099,0,0,0,30,30,1,0,0,0
nuscenes,scene-1094_027,yaw,0.0,34752,3019,35,35,2,29,29,1,0,0,0
nuscenes,scene-1094_027,yaw,0.5,34752,3012,35,35,2,27,29,1,0,0,0
nuscenes,scene-1094_027,yaw,1.0,34752,2990,33,35,2,25,29,1,0,0,0
nuscenes,scene-1094_027,yaw,2.0,34752,2963,19,35,2,17,29,1,0,0,0
nuscenes,scene-1094_027,yaw,3.0,34752,2947,4,35,2,9,29,1,0,0,0
nuscenes,scene-1094_027,pitch,0.0,34752,3019,35,35,2,29,29,1,0,0,0
nuscenes,scene-1094_027,pitch,0.5,34752,3022,35,35,2,29,29,1,0,0,0
nuscenes,scene-1094_027,pitch,1.0,34752,3023,33,35,2,29,29,1,0,0,0
nuscenes,scene-1094_027,pitch,2.0,34752,3025,33,35,2,29,29,1,0,0,0
nuscenes,scene-1094_027,pitch,3.0,34752,3029,33,35,2,29,29,1,0,0,0
nuscenes,scene-1094_027,roll,0.0,34752,3019,35,35,2,29,29,1,0,0,0
nuscenes,scene-1094_027,roll,0.5,34752,3081,33,35,2,29,29,1,0,0,0
nuscenes,scene-1094_027,roll,1.0,34752,3113,33,35,2,21,29,1,0,0,0
nuscenes,scene-1094_027,roll,2.0,34752,3254,24,35,2,11,29,1,0,0,0
nuscenes,scene-1094_027,roll,3.0,34752,3386,19,35,2,11,29,1,0,0,0
nuscenes,scene-1094_027,tx,0.0,34752,3019,35,35,2,29,29,1,0,0,0
nuscenes,scene-1094_027,tx,0.02,34752,3027,35,35,2,29,29,1,0,0,0
nuscenes,scene-1094_027,tx,0.05,34752,3032,35,35,2,29,29,1,0,0,0
nuscenes,scene-1094_027,tx,0.1,34752,3037,33,35,2,29,29,1,0,0,0
nuscenes,scene-1094_027,ty,0.0,34752,3019,35,35,2,29,29,1,0,0,0
nuscenes,scene-1094_027,ty,0.02,34752,3040,35,35,2,29,29,1,0,0,0
nuscenes,scene-1094_027,ty,0.05,34752,3066,35,35,2,29,29,1,0,0,0
nuscenes,scene-1094_027,ty,0.1,34752,3101,35,35,2,29,29,1,0,0,0
nuscenes,scene-1094_027,tz,0.0,34752,3019,35,35,2,29,29,1,0,0,0
nuscenes,scene-1094_027,tz,0.02,34752,3051,35,35,2,29,29,1,0,0,0
nuscenes,scene-1094_027,tz,0.05,34752,3079,35,35,2,29,29,1,0,0,0
nuscenes,scene-1094_027,tz,0.1,34752,3110,33,35,2,29,29,1,0,0,0
nuscenes,scene-1094_028,yaw,0.0,34752,2981,49,49,1,0,0,0,0,0,0
nuscenes,scene-1094_028,yaw,0.5,34752,2975,49,49,1,0,0,0,0,0,0
nuscenes,scene-1094_028,yaw,1.0,34752,2967,46,49,1,0,0,0,0,0,0
nuscenes,scene-1094_028,yaw,2.0,34752,2951,43,49,1,0,0,0,0,0,0
nuscenes,scene-1094_028,yaw,3.0,34752,2955,34,49,1,0,0,0,0,0,0
nuscenes,scene-1094_028,pitch,0.0,34752,2981,49,49,1,0,0,0,0,0,0
nuscenes,scene-1094_028,pitch,0.5,34752,2984,49,49,1,0,0,0,0,0,0
nuscenes,scene-1094_028,pitch,1.0,34752,2985,49,49,1,0,0,0,0,0,0
nuscenes,scene-1094_028,pitch,2.0,34752,2981,49,49,1,0,0,0,0,0,0
nuscenes,scene-1094_028,pitch,3.0,34752,2983,46,49,1,0,0,0,0,0,0
nuscenes,scene-1094_028,roll,0.0,34752,2981,49,49,1,0,0,0,0,0,0
nuscenes,scene-1094_028,roll,0.5,34752,3043,49,49,1,0,0,0,0,0,0
nuscenes,scene-1094_028,roll,1.0,34752,3071,46,49,1,0,0,0,0,0,0
nuscenes,scene-1094_028,roll,2.0,34752,3215,46,49,1,0,0,0,0,0,0
nuscenes,scene-1094_028,roll,3.0,34752,3343,42,49,1,0,0,0,0,0,0
nuscenes,scene-1094_028,tx,0.0,34752,2981,49,49,1,0,0,0,0,0,0
nuscenes,scene-1094_028,tx,0.02,34752,2980,49,49,1,0,0,0,0,0,0
nuscenes,scene-1094_028,tx,0.05,34752,2982,49,49,1,0,0,0,0,0,0
nuscenes,scene-1094_028,tx,0.1,34752,2986,46,49,1,0,0,0,0,0,0
nuscenes,scene-1094_028,ty,0.0,34752,2981,49,49,1,0,0,0,0,0,0
nuscenes,scene-1094_028,ty,0.02,34752,2996,49,49,1,0,0,0,0,0,0
nuscenes,scene-1094_028,ty,0.05,34752,3017,49,49,1,0,0,0,0,0,0
nuscenes,scene-1094_028,ty,0.1,34752,3049,49,49,1,0,0,0,0,0,0
nuscenes,scene-1094_028,tz,0.0,34752,2981,49,49,1,0,0,0,0,0,0
nuscenes,scene-1094_028,tz,0.02,34752,3013,49,49,1,0,0,0,0,0,0
nuscenes,scene-1094_028,tz,0.05,34752,3042,49,49,1,0,0,0,0,0,0
nuscenes,scene-1094_028,tz,0.1,34752,3072,49,49,1,0,0,0,0,0,0
nuscenes,scene-1094_029,yaw,0.0,34720,3048,19,19,1,19,19,1,0,0,0
nuscenes,scene-1094_029,yaw,0.5,34720,3039,19,19,1,18,19,1,0,0,0
nuscenes,scene-1094_029,yaw,1.0,34720,3039,17,19,1,16,19,1,0,0,0
nuscenes,scene-1094_029,yaw,2.0,34720,3040,5,19,1,11,19,1,0,0,0
nuscenes,scene-1094_029,yaw,3.0,34720,3043,0,19,1,3,19,1,0,0,0
nuscenes,scene-1094_029,pitch,0.0,34720,3048,19,19,1,19,19,1,0,0,0
nuscenes,scene-1094_029,pitch,0.5,34720,3053,19,19,1,19,19,1,0,0,0
nuscenes,scene-1094_029,pitch,1.0,34720,3053,19,19,1,18,19,1,0,0,0
nuscenes,scene-1094_029,pitch,2.0,34720,3057,18,19,1,17,19,1,0,0,0
nuscenes,scene-1094_029,pitch,3.0,34720,3061,18,19,1,17,19,1,0,0,0
nuscenes,scene-1094_029,roll,0.0,34720,3048,19,19,1,19,19,1,0,0,0
nuscenes,scene-1094_029,roll,0.5,34720,3112,19,19,1,19,19,1,0,0,0
nuscenes,scene-1094_029,roll,1.0,34720,3143,18,19,1,19,19,1,0,0,0
nuscenes,scene-1094_029,roll,2.0,34720,3289,14,19,1,10,19,1,0,0,0
nuscenes,scene-1094_029,roll,3.0,34720,3416,14,19,1,2,19,1,0,0,0
nuscenes,scene-1094_029,tx,0.0,34720,3048,19,19,1,19,19,1,0,0,0
nuscenes,scene-1094_029,tx,0.02,34720,3047,19,19,1,19,19,1,0,0,0
nuscenes,scene-1094_029,tx,0.05,34720,3051,19,19,1,19,19,1,0,0,0
nuscenes,scene-1094_029,tx,0.1,34720,3053,19,19,1,19,19,1,0,0,0
nuscenes,scene-1094_029,ty,0.0,34720,3048,19,19,1,19,19,1,0,0,0
nuscenes,scene-1094_029,ty,0.02,34720,3063,19,19,1,19,19,1,0,0,0
nuscenes,scene-1094_029,ty,0.05,34720,3084,19,19,1,19,19,1,0,0,0
nuscenes,scene-1094_029,ty,0.1,34720,3113,19,19,1,19,19,1,0,0,0
nuscenes,scene-1094_029,tz,0.0,34720,3048,19,19,1,19,19,1,0,0,0
nuscenes,scene-1094_029,tz,0.02,34720,3079,19,19,1,19,19,1,0,0,0
nuscenes,scene-1094_029,tz,0.05,34720,3113,19,19,1,19,19,1,0,0,0
nuscenes,scene-1094_029,tz,0.1,34720,3145,19,19,1,19,19,1,0,0,0
nuscenes,scene-1094_030,yaw,0.0,34720,3095,42,42,1,0,0,0,32,32,1
nuscenes,scene-1094_030,yaw,0.5,34720,3095,42,42,1,0,0,0,32,32,1
nuscenes,scene-1094_030,yaw,1.0,34720,3099,39,42,1,0,0,0,30,32,1
nuscenes,scene-1094_030,yaw,2.0,34720,3099,19,42,1,0,0,0,22,32,1
nuscenes,scene-1094_030,yaw,3.0,34720,3095,8,42,1,0,0,0,17,32,1
nuscenes,scene-1094_030,pitch,0.0,34720,3095,42,42,1,0,0,0,32,32,1
nuscenes,scene-1094_030,pitch,0.5,34720,3099,42,42,1,0,0,0,32,32,1
nuscenes,scene-1094_030,pitch,1.0,34720,3103,42,42,1,0,0,0,32,32,1
nuscenes,scene-1094_030,pitch,2.0,34720,3102,42,42,1,0,0,0,32,32,1
nuscenes,scene-1094_030,pitch,3.0,34720,3102,42,42,1,0,0,0,27,32,1
nuscenes,scene-1094_030,roll,0.0,34720,3095,42,42,1,0,0,0,32,32,1
nuscenes,scene-1094_030,roll,0.5,34720,3158,42,42,1,0,0,0,31,32,1
nuscenes,scene-1094_030,roll,1.0,34720,3190,42,42,1,0,0,0,31,32,1
nuscenes,scene-1094_030,roll,2.0,34720,3333,38,42,1,0,0,0,27,32,1
nuscenes,scene-1094_030,roll,3.0,34720,3458,38,42,1,0,0,0,21,32,1
nuscenes,scene-1094_030,tx,0.0,34720,3095,42,42,1,0,0,0,32,32,1
nuscenes,scene-1094_030,tx,0.02,34720,3094,42,42,1,0,0,0,32,32,1
nuscenes,scene-1094_030,tx,0.05,34720,3096,42,42,1,0,0,0,32,32,1
nuscenes,scene-1094_030,tx,0.1,34720,3095,42,42,1,0,0,0,32,32,1
nuscenes,scene-1094_030,ty,0.0,34720,3095,42,42,1,0,0,0,32,32,1
nuscenes,scene-1094_030,ty,0.02,34720,3111,42,42,1,0,0,0,32,32,1
nuscenes,scene-1094_030,ty,0.05,34720,3132,42,42,1,0,0,0,32,32,1
nuscenes,scene-1094_030,ty,0.1,34720,3164,42,42,1,0,0,0,32,32,1
nuscenes,scene-1094_030,tz,0.0,34720,3095,42,42,1,0,0,0,32,32,1
nuscenes,scene-1094_030,tz,0.02,34720,3126,42,42,1,0,0,0,32,32,1
nuscenes,scene-1094_030,tz,0.05,34720,3160,42,42,1,0,0,0,32,32,1
nuscenes,scene-1094_030,tz,0.1,34720,3191,42,42,1,0,0,0,32,32,1
nuscenes,scene-1094_031,yaw,0.0,34752,3088,0,0,0,0,0,0,47,47,1
nuscenes,scene-1094_031,yaw,0.5,34752,3089,0,0,0,0,0,0,46,47,1
nuscenes,scene-1094_031,yaw,1.0,34752,3099,0,0,0,0,0,0,44,47,1
nuscenes,scene-1094_031,yaw,2.0,34752,3093,0,0,0,0,0,0,35,47,1
nuscenes,scene-1094_031,yaw,3.0,34752,3084,0,0,0,0,0,0,27,47,1
nuscenes,scene-1094_031,pitch,0.0,34752,3088,0,0,0,0,0,0,47,47,1
nuscenes,scene-1094_031,pitch,0.5,34752,3091,0,0,0,0,0,0,47,47,1
nuscenes,scene-1094_031,pitch,1.0,34752,3089,0,0,0,0,0,0,47,47,1
nuscenes,scene-1094_031,pitch,2.0,34752,3092,0,0,0,0,0,0,44,47,1
nuscenes,scene-1094_031,pitch,3.0,34752,3098,0,0,0,0,0,0,44,47,1
nuscenes,scene-1094_031,roll,0.0,34752,3088,0,0,0,0,0,0,47,47,1
nuscenes,scene-1094_031,roll,0.5,34752,3149,0,0,0,0,0,0,47,47,1
nuscenes,scene-1094_031,roll,1.0,34752,3179,0,0,0,0,0,0,47,47,1
nuscenes,scene-1094_031,roll,2.0,34752,3320,0,0,0,0,0,0,47,47,1
nuscenes,scene-1094_031,roll,3.0,34752,3438,0,0,0,0,0,0,41,47,1
nuscenes,scene-1094_031,tx,0.0,34752,3088,0,0,0,0,0,0,47,47,1
nuscenes,scene-1094_031,tx,0.02,34752,3085,0,0,0,0,0,0,47,47,1
nuscenes,scene-1094_031,tx,0.05,34752,3088,0,0,0,0,0,0,47,47,1
nuscenes,scene-1094_031,tx,0.1,34752,3085,0,0,0,0,0,0,47,47,1
nuscenes,scene-1094_031,ty,0.0,34752,3088,0,0,0,0,0,0,47,47,1
nuscenes,scene-1094_031,ty,0.02,34752,3103,0,0,0,0,0,0,47,47,1
nuscenes,scene-1094_031,ty,0.05,34752,3121,0,0,0,0,0,0,47,47,1
nuscenes,scene-1094_031,ty,0.1,34752,3153,0,0,0,0,0,0,47,47,1
nuscenes,scene-1094_031,tz,0.0,34752,3088,0,0,0,0,0,0,47,47,1
nuscenes,scene-1094_031,tz,0.02,34752,3120,0,0,0,0,0,0,47,47,1
nuscenes,scene-1094_031,tz,0.05,34752,3149,0,0,0,0,0,0,47,47,1
nuscenes,scene-1094_031,tz,0.1,34752,3178,0,0,0,0,0,0,47,47,1
nuscenes,scene-1094_032,yaw,0.0,34784,2999,0,0,0,108,108,1,0,0,0
nuscenes,scene-1094_032,yaw,0.5,34784,2989,0,0,0,108,108,1,0,0,0
nuscenes,scene-1094_032,yaw,1.0,34784,2993,0,0,0,104,108,1,0,0,0
nuscenes,scene-1094_032,yaw,2.0,34784,3003,0,0,0,95,108,1,0,0,0
nuscenes,scene-1094_032,yaw,3.0,34784,2990,0,0,0,87,108,1,0,0,0
nuscenes,scene-1094_032,pitch,0.0,34784,2999,0,0,0,108,108,1,0,0,0
nuscenes,scene-1094_032,pitch,0.5,34784,3002,0,0,0,108,108,1,0,0,0
nuscenes,scene-1094_032,pitch,1.0,34784,3001,0,0,0,108,108,1,0,0,0
nuscenes,scene-1094_032,pitch,2.0,34784,3005,0,0,0,108,108,1,0,0,0
nuscenes,scene-1094_032,pitch,3.0,34784,3007,0,0,0,108,108,1,0,0,0
nuscenes,scene-1094_032,roll,0.0,34784,2999,0,0,0,108,108,1,0,0,0
nuscenes,scene-1094_032,roll,0.5,34784,3061,0,0,0,108,108,1,0,0,0
nuscenes,scene-1094_032,roll,1.0,34784,3089,0,0,0,106,108,1,0,0,0
nuscenes,scene-1094_032,roll,2.0,34784,3229,0,0,0,102,108,1,0,0,0
nuscenes,scene-1094_032,roll,3.0,34784,3349,0,0,0,83,108,1,0,0,0
nuscenes,scene-1094_032,tx,0.0,34784,2999,0,0,0,108,108,1,0,0,0
nuscenes,scene-1094_032,tx,0.02,34784,3000,0,0,0,108,108,1,0,0,0
nuscenes,scene-1094_032,tx,0.05,34784,3002,0,0,0,108,108,1,0,0,0
nuscenes,scene-1094_032,tx,0.1,34784,3001,0,0,0,108,108,1,0,0,0
nuscenes,scene-1094_032,ty,0.0,34784,2999,0,0,0,108,108,1,0,0,0
nuscenes,scene-1094_032,ty,0.02,34784,3017,0,0,0,108,108,1,0,0,0
nuscenes,scene-1094_032,ty,0.05,34784,3035,0,0,0,108,108,1,0,0,0
nuscenes,scene-1094_032,ty,0.1,34784,3066,0,0,0,108,108,1,0,0,0
nuscenes,scene-1094_032,tz,0.0,34784,2999,0,0,0,108,108,1,0,0,0
nuscenes,scene-1094_032,tz,0.02,34784,3029,0,0,0,108,108,1,0,0,0
nuscenes,scene-1094_032,tz,0.05,34784,3060,0,0,0,108,108,1,0,0,0
nuscenes,scene-1094_032,tz,0.1,34784,3088,0,0,0,108,108,1,0,0,0
nuscenes,scene-1094_033,yaw,0.0,34720,3016,0,0,0,90,90,2,0,0,0
nuscenes,scene-1094_033,yaw,0.5,34720,3029,0,0,0,90,90,2,0,0,0
nuscenes,scene-1094_033,yaw,1.0,34720,3021,0,0,0,83,90,2,0,0,0
nuscenes,scene-1094_033,yaw,2.0,34720,3025,0,0,0,66,90,2,0,0,0
nuscenes,scene-1094_033,yaw,3.0,34720,3025,0,0,0,47,90,2,0,0,0
nuscenes,scene-1094_033,pitch,0.0,34720,3016,0,0,0,90,90,2,0,0,0
nuscenes,scene-1094_033,pitch,0.5,34720,3021,0,0,0,90,90,2,0,0,0
nuscenes,scene-1094_033,pitch,1.0,34720,3029,0,0,0,89,90,2,0,0,0
nuscenes,scene-1094_033,pitch,2.0,34720,3029,0,0,0,89,90,2,0,0,0
nuscenes,scene-1094_033,pitch,3.0,34720,3026,0,0,0,89,90,2,0,0,0
nuscenes,scene-1094_033,roll,0.0,34720,3016,0,0,0,90,90,2,0,0,0
nuscenes,scene-1094_033,roll,0.5,34720,3080,0,0,0,90,90,2,0,0,0
nuscenes,scene-1094_033,roll,1.0,34720,3113,0,0,0,90,90,2,0,0,0
nuscenes,scene-1094_033,roll,2.0,34720,3259,0,0,0,80,90,2,0,0,0
nuscenes,scene-1094_033,roll,3.0,34720,3381,0,0,0,72,90,2,0,0,0
nuscenes,scene-1094_033,tx,0.0,34720,3016,0,0,0,90,90,2,0,0,0
nuscenes,scene-1094_033,tx,0.02,34720,3019,0,0,0,89,90,2,0,0,0
nuscenes,scene-1094_033,tx,0.05,34720,3019,0,0,0,89,90,2,0,0,0
nuscenes,scene-1094_033,tx,0.1,34720,3020,0,0,0,87,90,2,0,0,0
nuscenes,scene-1094_033,ty,0.0,34720,3016,0,0,0,90,90,2,0,0,0
nuscenes,scene-1094_033,ty,0.02,34720,3034,0,0,0,90,90,2,0,0,0
nuscenes,scene-1094_033,ty,0.05,34720,3056,0,0,0,90,90,2,0,0,0
nuscenes,scene-1094_033,ty,0.1,34720,3090,0,0,0,90,90,2,0,0,0
nuscenes,scene-1094_033,tz,0.0,34720,3016,0,0,0,90,90,2,0,0,0
nuscenes,scene-1094_033,tz,0.02,34720,3046,0,0,0,90,90,2,0,0,0
nuscenes,scene-1094_033,tz,0.05,34720,3077,0,0,0,90,90,2,0,0,0
nuscenes,scene-1094_033,tz,0.1,34720,3109,0,0,0,90,90,2,0,0,0
nuscenes,scene-1094_034,yaw,0.0,34720,2856,13,13,1,0,0,0,0,0,0
nuscenes,scene-1094_034,yaw,0.5,34720,2850,13,13,1,0,0,0,0,0,0
nuscenes,scene-1094_034,yaw,1.0,34720,2861,13,13,1,0,0,0,0,0,0
nuscenes,scene-1094_034,yaw,2.0,34720,2862,7,13,1,0,0,0,0,0,0
nuscenes,scene-1094_034,yaw,3.0,34720,2860,1,13,1,0,0,0,0,0,0
nuscenes,scene-1094_034,pitch,0.0,34720,2856,13,13,1,0,0,0,0,0,0
nuscenes,scene-1094_034,pitch,0.5,34720,2857,8,13,1,0,0,0,0,0,0
nuscenes,scene-1094_034,pitch,1.0,34720,2859,8,13,1,0,0,0,0,0,0
nuscenes,scene-1094_034,pitch,2.0,34720,2864,8,13,1,0,0,0,0,0,0
nuscenes,scene-1094_034,pitch,3.0,34720,2865,8,13,1,0,0,0,0,0,0
nuscenes,scene-1094_034,roll,0.0,34720,2856,13,13,1,0,0,0,0,0,0
nuscenes,scene-1094_034,roll,0.5,34720,2914,8,13,1,0,0,0,0,0,0
nuscenes,scene-1094_034,roll,1.0,34720,2945,8,13,1,0,0,0,0,0,0
nuscenes,scene-1094_034,roll,2.0,34720,3089,6,13,1,0,0,0,0,0,0
nuscenes,scene-1094_034,roll,3.0,34720,3215,6,13,1,0,0,0,0,0,0
nuscenes,scene-1094_034,tx,0.0,34720,2856,13,13,1,0,0,0,0,0,0
nuscenes,scene-1094_034,tx,0.02,34720,2850,13,13,1,0,0,0,0,0,0
nuscenes,scene-1094_034,tx,0.05,34720,2853,13,13,1,0,0,0,0,0,0
nuscenes,scene-1094_034,tx,0.1,34720,2856,13,13,1,0,0,0,0,0,0
nuscenes,scene-1094_034,ty,0.0,34720,2856,13,13,1,0,0,0,0,0,0
nuscenes,scene-1094_034,ty,0.02,34720,2869,13,13,1,0,0,0,0,0,0
nuscenes,scene-1094_034,ty,0.05,34720,2887,13,13,1,0,0,0,0,0,0
nuscenes,scene-1094_034,ty,0.1,34720,2922,13,13,1,0,0,0,0,0,0
nuscenes,scene-1094_034,tz,0.0,34720,2856,13,13,1,0,0,0,0,0,0
nuscenes,scene-1094_034,tz,0.02,34720,2887,13,13,1,0,0,0,0,0,0
nuscenes,scene-1094_034,tz,0.05,34720,2920,8,13,1,0,0,0,0,0,0
nuscenes,scene-1094_034,tz,0.1,34720,2951,8,13,1,0,0,0,0,0,0
nuscenes,scene-1094_035,yaw,0.0,34720,2820,0,0,0,0,0,0,0,0,0
nuscenes,scene-1094_035,yaw,0.5,34720,2813,0,0,0,0,0,0,0,0,0
nuscenes,scene-1094_035,yaw,1.0,34720,2818,0,0,0,0,0,0,0,0,0
nuscenes,scene-1094_035,yaw,2.0,34720,2808,0,0,0,0,0,0,0,0,0
nuscenes,scene-1094_035,yaw,3.0,34720,2806,0,0,0,0,0,0,0,0,0
nuscenes,scene-1094_035,pitch,0.0,34720,2820,0,0,0,0,0,0,0,0,0
nuscenes,scene-1094_035,pitch,0.5,34720,2822,0,0,0,0,0,0,0,0,0
nuscenes,scene-1094_035,pitch,1.0,34720,2822,0,0,0,0,0,0,0,0,0
nuscenes,scene-1094_035,pitch,2.0,34720,2820,0,0,0,0,0,0,0,0,0
nuscenes,scene-1094_035,pitch,3.0,34720,2823,0,0,0,0,0,0,0,0,0
nuscenes,scene-1094_035,roll,0.0,34720,2820,0,0,0,0,0,0,0,0,0
nuscenes,scene-1094_035,roll,0.5,34720,2882,0,0,0,0,0,0,0,0,0
nuscenes,scene-1094_035,roll,1.0,34720,2910,0,0,0,0,0,0,0,0,0
nuscenes,scene-1094_035,roll,2.0,34720,3046,0,0,0,0,0,0,0,0,0
nuscenes,scene-1094_035,roll,3.0,34720,3164,0,0,0,0,0,0,0,0,0
nuscenes,scene-1094_035,tx,0.0,34720,2820,0,0,0,0,0,0,0,0,0
nuscenes,scene-1094_035,tx,0.02,34720,2819,0,0,0,0,0,0,0,0,0
nuscenes,scene-1094_035,tx,0.05,34720,2823,0,0,0,0,0,0,0,0,0
nuscenes,scene-1094_035,tx,0.1,34720,2819,0,0,0,0,0,0,0,0,0
nuscenes,scene-1094_035,ty,0.0,34720,2820,0,0,0,0,0,0,0,0,0
nuscenes,scene-1094_035,ty,0.02,34720,2836,0,0,0,0,0,0,0,0,0
nuscenes,scene-1094_035,ty,0.05,34720,2854,0,0,0,0,0,0,0,0,0
nuscenes,scene-1094_035,ty,0.1,34720,2887,0,0,0,0,0,0,0,0,0
nuscenes,scene-1094_035,tz,0.0,34720,2820,0,0,0,0,0,0,0,0,0
nuscenes,scene-1094_035,tz,0.02,34720,2852,0,0,0,0,0,0,0,0,0
nuscenes,scene-1094_035,tz,0.05,34720,2881,0,0,0,0,0,0,0,0,0
nuscenes,scene-1094_035,tz,0.1,34720,2912,0,0,0,0,0,0,0,0,0
nuscenes,scene-1094_036,yaw,0.0,34720,2760,0,0,0,0,0,0,17,17,1
nuscenes,scene-1094_036,yaw,0.5,34720,2758,0,0,0,0,0,0,17,17,1
nuscenes,scene-1094_036,yaw,1.0,34720,2759,0,0,0,0,0,0,14,17,1
nuscenes,scene-1094_036,yaw,2.0,34720,2747,0,0,0,0,0,0,8,17,1
nuscenes,scene-1094_036,yaw,3.0,34720,2743,0,0,0,0,0,0,2,17,1
nuscenes,scene-1094_036,pitch,0.0,34720,2760,0,0,0,0,0,0,17,17,1
nuscenes,scene-1094_036,pitch,0.5,34720,2765,0,0,0,0,0,0,17,17,1
nuscenes,scene-1094_036,pitch,1.0,34720,2763,0,0,0,0,0,0,17,17,1
nuscenes,scene-1094_036,pitch,2.0,34720,2767,0,0,0,0,0,0,17,17,1
nuscenes,scene-1094_036,pitch,3.0,34720,2766,0,0,0,0,0,0,17,17,1
nuscenes,scene-1094_036,roll,0.0,34720,2760,0,0,0,0,0,0,17,17,1
nuscenes,scene-1094_036,roll,0.5,34720,2815,0,0,0,0,0,0,17,17,1
nuscenes,scene-1094_036,roll,1.0,34720,2841,0,0,0,0,0,0,17,17,1
nuscenes,scene-1094_036,roll,2.0,34720,2987,0,0,0,0,0,0,8,17,1
nuscenes,scene-1094_036,roll,3.0,34720,3103,0,0,0,0,0,0,0,17,1
nuscenes,scene-1094_036,tx,0.0,34720,2760,0,0,0,0,0,0,17,17,1
nuscenes,scene-1094_036,tx,0.02,34720,2762,0,0,0,0,0,0,17,17,1
nuscenes,scene-1094_036,tx,0.05,34720,2765,0,0,0,0,0,0,17,17,1
nuscenes,scene-1094_036,tx,0.1,34720,2768,0,0,0,0,0,0,17,17,1
nuscenes,scene-1094_036,ty,0.0,34720,2760,0,0,0,0,0,0,17,17,1
nuscenes,scene-1094_036,ty,0.02,34720,2775,0,0,0,0,0,0,17,17,1
nuscenes,scene-1094_036,ty,0.05,34720,2798,0,0,0,0,0,0,17,17,1
nuscenes,scene-1094_036,ty,0.1,34720,2832,0,0,0,0,0,0,17,17,1
nuscenes,scene-1094_036,tz,0.0,34720,2760,0,0,0,0,0,0,17,17,1
nuscenes,scene-1094_036,tz,0.02,34720,2790,0,0,0,0,0,0,17,17,1
nuscenes,scene-1094_036,tz,0.05,34720,2817,0,0,0,0,0,0,17,17,1
nuscenes,scene-1094_036,tz,0.1,34720,2846,0,0,0,0,0,0,17,17,1
nuscenes,scene-1094_037,yaw,0.0,34752,2715,0,0,0,0,0,0,0,0,0
nuscenes,scene-1094_037,yaw,0.5,34752,2713,0,0,0,0,0,0,0,0,0
nuscenes,scene-1094_037,yaw,1.0,34752,2709,0,0,0,0,0,0,0,0,0
nuscenes,scene-1094_037,yaw,2.0,34752,2704,0,0,0,0,0,0,0,0,0
nuscenes,scene-1094_037,yaw,3.0,34752,2700,0,0,0,0,0,0,0,0,0
nuscenes,scene-1094_037,pitch,0.0,34752,2715,0,0,0,0,0,0,0,0,0
nuscenes,scene-1094_037,pitch,0.5,34752,2717,0,0,0,0,0,0,0,0,0
nuscenes,scene-1094_037,pitch,1.0,34752,2719,0,0,0,0,0,0,0,0,0
nuscenes,scene-1094_037,pitch,2.0,34752,2721,0,0,0,0,0,0,0,0,0
nuscenes,scene-1094_037,pitch,3.0,34752,2725,0,0,0,0,0,0,0,0,0
nuscenes,scene-1094_037,roll,0.0,34752,2715,0,0,0,0,0,0,0,0,0
nuscenes,scene-1094_037,roll,0.5,34752,2773,0,0,0,0,0,0,0,0,0
nuscenes,scene-1094_037,roll,1.0,34752,2802,0,0,0,0,0,0,0,0,0
nuscenes,scene-1094_037,roll,2.0,34752,2942,0,0,0,0,0,0,0,0,0
nuscenes,scene-1094_037,roll,3.0,34752,3056,0,0,0,0,0,0,0,0,0
nuscenes,scene-1094_037,tx,0.0,34752,2715,0,0,0,0,0,0,0,0,0
nuscenes,scene-1094_037,tx,0.02,34752,2710,0,0,0,0,0,0,0,0,0
nuscenes,scene-1094_037,tx,0.05,34752,2715,0,0,0,0,0,0,0,0,0
nuscenes,scene-1094_037,tx,0.1,34752,2716,0,0,0,0,0,0,0,0,0
nuscenes,scene-1094_037,ty,0.0,34752,2715,0,0,0,0,0,0,0,0,0
nuscenes,scene-1094_037,ty,0.02,34752,2727,0,0,0,0,0,0,0,0,0
nuscenes,scene-1094_037,ty,0.05,34752,2748,0,0,0,0,0,0,0,0,0
nuscenes,scene-1094_037,ty,0.1,34752,2782,0,0,0,0,0,0,0,0,0
nuscenes,scene-1094_037,tz,0.0,34752,2715,0,0,0,0,0,0,0,0,0
nuscenes,scene-1094_037,tz,0.02,34752,2744,0,0,0,0,0,0,0,0,0
nuscenes,scene-1094_037,tz,0.05,34752,2773,0,0,0,0,0,0,0,0,0
nuscenes,scene-1094_037,tz,0.1,34752,2803,0,0,0,0,0,0,0,0,0
nuscenes,scene-1094_038,yaw,0.0,34688,2624,0,0,0,60,60,2,0,0,0
nuscenes,scene-1094_038,yaw,0.5,34688,2620,0,0,0,57,60,2,0,0,0
nuscenes,scene-1094_038,yaw,1.0,34688,2625,0,0,0,55,60,2,0,0,0
nuscenes,scene-1094_038,yaw,2.0,34688,2621,0,0,0,46,60,2,0,0,0
nuscenes,scene-1094_038,yaw,3.0,34688,2620,0,0,0,32,60,2,0,0,0
nuscenes,scene-1094_038,pitch,0.0,34688,2624,0,0,0,60,60,2,0,0,0
nuscenes,scene-1094_038,pitch,0.5,34688,2621,0,0,0,60,60,2,0,0,0
nuscenes,scene-1094_038,pitch,1.0,34688,2623,0,0,0,60,60,2,0,0,0
nuscenes,scene-1094_038,pitch,2.0,34688,2620,0,0,0,60,60,2,0,0,0
nuscenes,scene-1094_038,pitch,3.0,34688,2621,0,0,0,47,60,2,0,0,0
nuscenes,scene-1094_038,roll,0.0,34688,2624,0,0,0,60,60,2,0,0,0
nuscenes,scene-1094_038,roll,0.5,34688,2681,0,0,0,60,60,2,0,0,0
nuscenes,scene-1094_038,roll,1.0,34688,2703,0,0,0,60,60,2,0,0,0
nuscenes,scene-1094_038,roll,2.0,34688,2843,0,0,0,49,60,2,0,0,0
nuscenes,scene-1094_038,roll,3.0,34688,2958,0,0,0,36,60,2,0,0,0
nuscenes,scene-1094_038,tx,0.0,34688,2624,0,0,0,60,60,2,0,0,0
nuscenes,scene-1094_038,tx,0.02,34688,2619,0,0,0,60,60,2,0,0,0
nuscenes,scene-1094_038,tx,0.05,34688,2619,0,0,0,60,60,2,0,0,0
nuscenes,scene-1094_038,tx,0.1,34688,2615,0,0,0,60,60,2,0,0,0
nuscenes,scene-1094_038,ty,0.0,34688,2624,0,0,0,60,60,2,0,0,0
nuscenes,scene-1094_038,ty,0.02,34688,2636,0,0,0,60,60,2,0,0,0
nuscenes,scene-1094_038,ty,0.05,34688,2656,0,0,0,60,60,2,0,0,0
nuscenes,scene-1094_038,ty,0.1,34688,2685,0,0,0,60,60,2,0,0,0
nuscenes,scene-1094_038,tz,0.0,34688,2624,0,0,0,60,60,2,0,0,0
nuscenes,scene-1094_038,tz,0.02,34688,2657,0,0,0,60,60,2,0,0,0
nuscenes,scene-1094_038,tz,0.05,34688,2683,0,0,0,60,60,2,0,0,0
nuscenes,scene-1094_038,tz,0.1,34688,2710,0,0,0,60,60,2,0,0,0
nuscenes,scene-1094_039,yaw,0.0,34720,2642,0,0,0,21,21,2,0,0,0
nuscenes,scene-1094_039,yaw,0.5,34720,2641,0,0,0,20,21,2,0,0,0
nuscenes,scene-1094_039,yaw,1.0,34720,2645,0,0,0,15,21,2,0,0,0
nuscenes,scene-1094_039,yaw,2.0,34720,2645,0,0,0,5,21,2,0,0,0
nuscenes,scene-1094_039,yaw,3.0,34720,2645,0,0,0,2,21,2,0,0,0
nuscenes,scene-1094_039,pitch,0.0,34720,2642,0,0,0,21,21,2,0,0,0
nuscenes,scene-1094_039,pitch,0.5,34720,2647,0,0,0,21,21,2,0,0,0
nuscenes,scene-1094_039,pitch,1.0,34720,2645,0,0,0,21,21,2,0,0,0
nuscenes,scene-1094_039,pitch,2.0,34720,2649,0,0,0,21,21,2,0,0,0
nuscenes,scene-1094_039,pitch,3.0,34720,2651,0,0,0,21,21,2,0,0,0
nuscenes,scene-1094_039,roll,0.0,34720,2642,0,0,0,21,21,2,0,0,0
nuscenes,scene-1094_039,roll,0.5,34720,2697,0,0,0,21,21,2,0,0,0
nuscenes,scene-1094_039,roll,1.0,34720,2724,0,0,0,21,21,2,0,0,0
nuscenes,scene-1094_039,roll,2.0,34720,2847,0,0,0,16,21,2,0,0,0
nuscenes,scene-1094_039,roll,3.0,34720,2954,0,0,0,4,21,2,0,0,0
nuscenes,scene-1094_039,tx,0.0,34720,2642,0,0,0,21,21,2,0,0,0
nuscenes,scene-1094_039,tx,0.02,34720,2638,0,0,0,21,21,2,0,0,0
nuscenes,scene-1094_039,tx,0.05,34720,2648,0,0,0,21,21,2,0,0,0
nuscenes,scene-1094_039,tx,0.1,34720,2653,0,0,0,21,21,2,0,0,0
nuscenes,scene-1094_039,ty,0.0,34720,2642,0,0,0,21,21,2,0,0,0
nuscenes,scene-1094_039,ty,0.02,34720,2654,0,0,0,21,21,2,0,0,0
nuscenes,scene-1094_039,ty,0.05,34720,2666,0,0,0,21,21,2,0,0,0
nuscenes,scene-1094_039,ty,0.1,34720,2706,0,0,0,21,21,2,0,0,0
nuscenes,scene-1094_039,tz,0.0,34720,2642,0,0,0,21,21,2,0,0,0
nuscenes,scene-1094_039,tz,0.02,34720,2670,0,0,0,21,21,2,0,0,0
nuscenes,scene-1094_039,tz,0.05,34720,2698,0,0,0,21,21,2,0,0,0
nuscenes,scene-1094_039,tz,0.1,34720,2728,0,0,0,21,21,2,0,0,0
